timestamps,TP9,AF7,AF8,TP10,Right AUX
0.0,55.664,1.465,-362.793,31.25,26.855
0.003999948501586914,52.246,5.859,-116.211,30.762,49.316
0.007999897003173828,47.852,10.254,-412.598,29.297,52.246
0.011999845504760742,37.10964030277745,8.301116402431756,-788.0636202169508,31.73785451186077,-9.762303969483845
0.015999794006347656,45.89801716533556,4.150220884491596,-752.2050375491715,24.65839551794016,-64.57496161640243
0.01999974250793457,52.6122453358765,4.761036359301425,-505.99834404243904,20.996,-72.14528264886452
0.023999691009521484,52.24712314478155,4.028859152411039,-360.22265583835014,21.36214084758896,-34.3074299934434
0.0279996395111084,39.79609137509686,3.296140847588961,-477.2816437980569,23.681386183465456,32.590853609107704
0.03199958801269531,29.90710716414352,5.49310716414352,-609.3769961258791,25.025329479079748,47.60960728334724
0.03599953651428223,34.6669642367527,10.252964236752696,-580.2082927221792,14.650083447577039,27.344011921082434
0.03999948501586914,42.47816641831078,14.526065446742564,-472.8124983608511,6.9568749478452645,23.80486326518448
0.043999433517456055,49.68388710734935,14.281934553257436,-265.6333820110866,15.136237944805389,12.575934791679085
0.04799938201904297,36.62284550277165,15.380107051320259,-303.90929188770343,14.40567884603922,0.243059366990523
0.05199933052062988,27.342044820598403,15.870018595780188,-566.279998331148,8.30020884491596,18.182856717129575
0.0559992790222168,38.571539103481165,10.254015975202671,-496.48371578445403,11.880153314258465,54.520226752503575
0.05999922752380371,47.85097627845989,10.49756335677673,-170.21829705566813,17.821388842531885,72.99616652759566
0.06399917602539062,43.94724098468141,6.59413917863742,-133.98755897955536,17.822713059545805,84.71424956786076
0.06799912452697754,29.54476890981701,-1.7076756869523753,-468.90068260118016,14.404713059545807,66.90468665434821
0.07199907302856445,24.90066644811349,-1.9542225070036356,-698.2406664481134,13.18329617929308,34.67075967097812
0.07599902153015137,39.789994397425204,2.440801704613184,-563.0550864822982,11.96381487662415,21.242677315532244
0.07999897003173828,53.220928473505396,3.418261786970257,-220.08009703761098,9.278023842164869,21.481356678786433
0.0839989185333252,50.78388126601895,1.9540238421648686,-30.510534779758,11.472797580020266,26.611892948679742
0.08799886703491211,40.77398831733922,1.9529761578351317,-254.77010490552544,16.112214102640518,13.43467932288252
0.09199881553649902,35.88913089348513,4.881952315670263,-492.4169625081957,13.429726530368956,12.44534451928235
0.09599876403808594,35.88885457146263,4.884164024317559,-494.1556332101561,7.81337286923352,8.310312790559063
0.09999871253967285,42.964382182309464,2.93,-311.9546558054518,6.673113565922276,-10.90224787411587
0.10399866104125977,40.52992775824045,4.394080646122668,-39.02911229659654,5.73775210109078,9.633541753591228
0.10799860954284668,22.83419598259522,2.6865042021815584,-205.8265679799726,4.272752101090779,34.29388466352745
0.1119985580444336,17.212167252786553,3.417080646122668,-475.37614156285395,5.736663050604995,29.423853072659
0.11599850654602051,30.633308219586336,6.834161292245336,-483.17977200929846,7.812080646122668,20.75434290993622
0.11999845504760742,39.182169209679344,8.910182441292168,-233.76142454404578,10.496615269996424,11.722283466444154
0.12399840354919434,35.7693036299696,9.643553257435775,39.079397627704594,12.328160576980391,-14.879534302914704
0.12799835205078125,27.225232878345356,11.229964236752696,-94.25407569887345,4.642821899028432,7.064140847588959
0.13199830055236816,26.3659642367527,11.719,-345.11573779579186,0.4890357632473028,40.8807306431424
0.13599824905395508,40.03139194182859,12.817095124567885,-251.92307760162115,5.489726069853379,58.34357515794493
0.139998197555542,46.263622399713896,15.013622399713894,78.3198506884425,10.983994337485845,74.33260541217143
0.1439981460571289,46.38731025987443,13.673241675276167,281.18015147421124,15.6228269093221,92.76399737741397
0.14799809455871582,37.6021909757406,13.184232699529117,-132.61455731060386,8.304492400309949,40.06414585444359
0.15199804306030273,26.37235542707278,18.06367205102223,-392.454132324015,1.4682597007808313,0.5068596292543361
0.15599799156188965,42.96108344757704,16.602698098587354,-250.5557546641235,5.85690475055135,40.50790767121654
0.15999794006347656,49.80133305519132,12.209357551555609,-40.63962659434972,5.859,-0.46599886756467157
0.16399788856506348,41.508453060737914,12.694738213029744,83.91720623472611,6.347737676581033,-14.15266567324313
0.1679978370666504,32.719714847708175,13.183737676581034,-28.259754664123506,9.275428741729748,63.92308994456697
0.1719977855682373,29.78657179471896,13.671738213029744,-215.23167765393097,2.9334048399594685,51.764548429397394
0.17599773406982422,41.00997514454312,13.672,-205.5712389580974,-0.48616641831078233,-13.14916194790488
0.17999768257141113,49.31105304565503,15.136126832757183,-58.19288949815231,4.879798784122066,23.903881749910596
0.18399763107299805,43.46049228109912,14.160582344876914,199.06562096918404,8.786671812600584,6.358477439351493
0.18799757957458496,25.64106288370984,13.915403707456637,-20.105141443643078,10.61935495022948,-48.36505894975264
0.19199752807617188,20.987647016749122,14.526298146271682,-177.82349520176433,11.840701853728318,-4.061363175776359
0.1959974765777588,34.050638970018476,14.769008046730644,-7.593917327293312,12.085298146271683,26.514010192525483
0.1999974250793457,42.967277148647035,17.819444749076172,242.6250995351055,12.206027774466563,3.643304565502443
0.20399737358093262,41.14684067473326,20.510119210824342,375.2003823687191,13.30673237169935,35.74128825177326
0.20799732208251953,26.380346724682603,16.604119210824344,58.841281516361676,10.746178816236515,63.11279197711152
0.21199727058410645,13.423416045776957,13.55032723371282,-173.5821645109376,6.2260779042737076,55.55542462895631
0.21599721908569336,21.47664236752697,12.940405137986529,-11.669919830720627,6.46786249031412,39.18785158252369
0.21999716758728027,31.24707205864823,13.180822744069616,117.18223763261415,8.544331028728097,33.573600369531526
0.2239971160888672,30.528446206115515,16.721716933897596,276.31020575788284,9.033712642307922,22.601433331346488
0.2279970645904541,13.688895891281888,17.25649614559326,231.7497185885719,6.840307796233013,11.370984661845348
0.23199701309204102,8.53517702807415,15.135772068903856,11.493781605769806,1.7122738272635156,34.16785831793527
0.23599696159362793,25.862992966561364,17.08781695177922,134.31886171544375,0.9743176968468736,42.235636406985755
0.23999691009521484,39.058861834654586,19.286408475889612,372.6505666090481,5.3666339035584425,23.709512308517613
0.24399685859680176,33.45998474192395,19.5322570032185,381.9805233043271,7.081892120634164,-14.130490046489452
0.24799680709838867,21.490786910651487,19.043,142.32524426297908,5.371785360910771,-28.08425111760148
0.2519967555999756,20.746891935387733,19.774321153960777,-46.31942033736664,5.857928473505394,-13.930537223579902
0.2559967041015625,30.506891994993147,19.776678846039218,42.51350908982535,8.29864230792156,14.129353221672535
0.2599966526031494,41.74025819525569,19.043,378.8078471212302,7.815760102515199,47.095776254619146
0.26399660110473633,42.73083083984026,20.505467664063897,548.4024579483817,6.346655599928473,37.39443482148179
0.26799654960632324,32.48189378315551,22.216578232103473,315.5260628837098,10.248091792334744,15.865202360374322
0.27199649810791016,29.12864173885401,24.410918143526978,45.69958467773981,14.64695907176349,-11.504209171103874
0.27599644660949707,45.02750777850629,27.58517488227931,87.55488186207307,11.113472074864397,-26.00142903975681
0.279996395111084,53.09663688382905,23.565330154378017,312.023326816475,11.960174882279311,31.548602074268334
0.2839963436126709,42.8602339969007,19.046359399213255,503.50772797711284,18.18198295386816,32.49305435689594
0.2879962921142578,28.45529319902247,19.163374679620908,331.8107002443822,16.727875961137272,52.700996066042805
0.2919962406158447,25.63383280681886,20.262832806818857,139.92106115515287,13.796541574774988,77.61658019908208
0.29599618911743164,33.55987369613161,21.239083745604102,208.60339923705072,15.744291232043869,78.98479221553318
0.29999613761901855,36.133,21.850290934016808,400.92772515944444,18.79600029802706,72.51641753591227
0.30399608612060547,26.257965550125164,19.412861366074623,428.2554028489689,20.62830927404935,58.36582691619979
0.3079960346221924,16.731537640817788,15.994912499254934,211.45987208678545,14.778537640817786,62.611037074566376
0.3119959831237793,20.4999495738213,18.42811307146689,100.275087202718,9.769399713894021,59.943563211539605
0.3159959316253662,34.16416728919971,22.457041484542636,192.72718970038943,8.789,50.79089493761424
0.3199958801269531,36.1310210407105,23.92451552720987,428.47202521308935,6.350473445788877,27.855254038266676
0.32399582862854004,26.376895809739526,22.462484472790127,522.8535093878523,5.371989986290756,-53.628373129880195
0.32799577713012695,9.783810108475386,18.559190487543212,204.9315461914412,0.49323864584575006,-34.200953510549525
0.33199572563171387,10.740952852118973,19.042476426059487,40.70302276926745,-0.4869528521189723,34.1066567324313
0.3359956741333008,23.42437849436729,19.043,120.03160809441498,1.4629046313405258,41.00866567324313
0.3399956226348877,33.67999958276212,18.067048220778446,266.9323130476247,0.9775235739405137,28.82209685879478
0.3439955711364746,42.47057030458365,21.96880818978363,484.6293519103534,4.8788092626810515,11.737335816892173
0.3479955196380615,28.824481523423533,22.947894743115988,214.66133281678384,5.370447371557993,22.448835379663844
0.35199546813964844,14.664037372593432,18.559976217440543,-104.61835220838051,2.9327644394110983,29.776705549263873
0.35599541664123535,25.378833522083802,19.042447338618345,92.5490441676104,3.904894677236693,19.055165345413364
0.35999536514282227,37.59999088037194,16.968559933241938,297.26532002145797,7.089834535375811,41.74015634499612
0.3639953136444092,34.18871466889194,17.695458306014185,421.4783818322704,-0.7271472253680631,40.7995127257555
0.3679952621459961,26.13296489450471,20.631452676123494,268.0138385981642,-4.0304526761234944,10.918162653474786
0.371995210647583,20.503034213506584,19.531,-4.6823628777493,-3.172821958633844,-25.26226715145735
0.3759951591491699,27.568212433688977,20.138552482565416,96.0783482744233,-1.1120547177683733,-23.830271621863268
0.37999510765075684,41.25385617214043,21.851340227692674,368.28777248614176,6.716696310424986,-1.4930386839125003
0.38399505615234375,43.34275622839432,21.36259625700322,460.7356183096913,2.57483621408988,21.214942543807368
0.38799500465393066,36.7522766883233,22.089183227037015,190.17841550932826,-3.544829290099541,31.64160636585802
0.3919949531555176,33.314735828813255,24.540829290099538,-96.18655260177624,-0.490974965726888,28.018364904333314
0.3959949016571045,43.437459140489956,21.729987482863443,-82.36059831912738,1.8271707099004588,49.14028115872921
0.3999948501586914,58.0907657156481,22.77722729078916,59.91577819279979,6.66174521179369,6.6837624572836365
0.4039947986602783,53.98065595756095,23.688383024378613,286.2699985098647,9.769253561423378,0.2496309828932466
0.40799474716186523,37.61414620336154,20.996,148.1781481702229,6.353121706997258,-9.258291631898915
0.41199469566345215,36.11990260475651,23.187605769803895,-59.25512147583001,2.9339294867974006,11.88588305418132
0.41599464416503906,40.04162055194612,23.442739762770458,46.274918996244864,4.873832091553913,34.43987107349347
0.419994592666626,33.949250521547356,21.727844191452583,330.6471865649401,9.0315352566013,45.364160457769565
0.4239945411682129,21.74749162543959,23.190226321750014,416.6821170650295,5.626632651844788,86.36182464087739
0.4279944896697998,13.187515198474191,21.979193825247346,125.61714793181545,0.24734759804505901,88.92640374299678
0.4319944381713867,16.587821899028434,18.557235620194312,-146.84168182630984,-0.7331849555939679,53.749301484174765
0.43599438667297363,23.918660249150623,17.091367109733564,-76.25834749955297,1.9466602491506224,38.09147124038863
0.43999433517456055,25.880367109733562,14.897787685521845,94.33545025928355,5.6120808249389045,3.5096495797818434
0.44399428367614746,15.003721529047125,18.377306842565364,74.26205070332989,5.537673289358659,-25.076939601049034
0.4479942321777344,-7.0479535673839155,24.651337485843715,-148.086107587769,0.8623533408833515,-15.639073612684033
0.4519941806793213,-15.619544820598403,22.589167779234714,-219.5864247824532,-0.488,-12.45267665991179
0.4559941291809082,-9.291907134767838,21.850028610597843,-88.52111044882875,0.973868868093223,14.83944537163974
0.4599940776824951,-3.9122622638135542,20.87641121773857,112.97269970793349,1.8302800858317936,6.3820765333492275
0.46399402618408203,-15.72228825177326,16.12164487095428,208.28947135959945,0.49113113190677704,10.721830601418608
0.46799397468566895,-31.715699469511833,12.089542349645349,-107.38204279668594,0.3652800858317935,27.317568337605053
0.47199392318725586,-34.548476576469184,13.78830516152104,-346.54101943020623,4.874093694123257,39.778173799022525
0.4759938716888428,-22.485231865053347,17.937504380997794,-228.84549949335403,4.1549970793348034,50.886012219109496
0.4799938201904297,-7.225482863444,18.311749538058056,-40.314792215533174,4.514501460332598,50.05624462061155
0.4839937686920166,-20.95977796983966,17.335498003218692,125.48543672885496,4.883,47.00099654288609
0.4879937171936035,-49.26958928713344,21.9629103552412,-276.4278941428912,-3.8878394659461177,-11.110947150917909
0.49199366569519043,-39.07789104130655,22.46024372653037,-493.3167786851046,-5.368729629850391,-11.718242176789651
0.49599361419677734,-25.413000059601856,21.9737853141018,-163.61796340445824,-4.8837853141018,34.10613702467517
0.49999356269836426,-27.82807158610002,19.53493002324611,-49.499095309054056,-8.782713894021576,16.142076056505932
0.5039935111999512,-39.0439270429755,18.06835769207844,106.68253966740178,-6.839143052989211,18.062856947010786
0.5079934597015381,-46.86242617869703,19.04142766883233,-33.95289873040474,-3.9107153841568816,40.97906550634798
0.511993408203125,-51.74985099535106,17.58044486827989,-318.8601168196448,-2.44344486827989,19.566855286684945
0.5159933567047119,-35.67189181617691,20.015924420337367,-234.02961024020982,0.4831116409369973,1.0079657268880027
0.5199933052062988,-17.120967395839543,24.893852178577816,47.86897681349461,-3.411481075281636,4.389295523633545
0.5239932537078857,-18.552554985992728,20.515333373070273,166.793975561781,-0.4928900280145436,14.143702688204089
0.5279932022094727,-30.253443225844904,18.55825946235918,-167.40996632294215,4.386850509626273,44.383474161053826
0.5319931507110596,-26.622611991894146,21.733477053284062,-370.1899877220169,-1.2193421146739778,65.87645500059602
0.5359930992126465,-18.817228229123206,18.92500578172498,-306.4952364546701,-1.4681549740716457,21.42414382785957
0.5399930477142334,-8.075228229123205,17.93854085951004,-142.69468689276985,0.9696900518567086,-2.946526613816535
0.5439929962158203,-1.9393801037134173,20.023154974071645,60.58105322763308,4.997087500745067,13.607552005722118
0.5479929447174072,-10.479020027418489,17.342763306908267,-26.712073314656983,8.54329838469333,47.32238856768194
0.5519928932189941,-16.736629216831567,14.76277422815592,-237.85481320777208,10.004348313267373,57.789651805936344
0.555992841720581,-8.685236812302557,18.793217023305715,-140.28754592597008,13.903674256422484,48.373080109673964
0.559992790222168,-1.3403603147165764,20.02654276688323,110.461302676283,19.64884872146391,78.66230297431007
0.5639927387237549,-2.3198798950944743,17.45360851165286,174.2625430649103,22.938434046611434,61.7408369195923
0.5679926872253418,-3.528554151516958,18.918608511652856,-42.34215407999047,26.859271383441616,71.66317446504142
0.5719926357269287,-6.685104585551935,18.8889063021537,-305.16507422713187,23.29030286895017,48.969247794643564
0.5759925842285156,6.068315055429728,16.602,-180.64823983788295,24.88084730003576,-2.6394877816187865
0.5799925327301025,19.27324867377958,17.57483310484592,20.23479847410146,32.46458246408774,-4.678421469869464
0.5839924812316895,17.111503248494966,17.82525064075818,7.64720742683437,29.315336353340882,24.344323359361027
0.5879924297332764,3.4468370388031238,16.60333438636228,-239.14092287059665,21.00883507182452,33.96942206592359
0.5919923782348633,-0.9898350718245217,17.329414972879537,-308.2107938248793,15.389250044704058,32.198995469988674
0.5959923267364502,9.737560555489331,19.04113851472166,-130.45015460722374,12.210726785075694,25.44451549648349
0.5999922752380371,21.22441950289086,18.80133796268701,-8.444275257793407,12.203214758300053,2.7186043988794193
0.603992223739624,25.391,18.066,87.66209554747572,13.913163974488883,-9.020702807414914
0.6079921722412109,24.66133796268701,19.282269416463013,14.67506234726116,12.216457292722179,-1.26306556595339
0.6119921207427979,24.169040171653357,20.994080343306713,-150.99526808916437,9.766,15.115871975205625
0.6159920692443848,26.359200572211957,20.997948858556356,-40.61229588126602,11.954226142933779,54.551002026584015
0.6199920177459717,30.914213224191368,20.832027656361756,244.87306508781688,13.511944687276484,71.6835743463403
0.6239919662475586,31.86123371282112,26.474266436192405,243.36045288192167,9.16580675925374,45.09163151934196
0.6279919147491455,22.973072897419087,29.050784586040415,-132.96532663765868,4.525339333611492,51.845120343327174
0.6319918632507324,20.02,24.54877016153067,-287.98777355903917,1.5921605173749775,52.865339333611495
0.6359918117523193,30.97587984265109,20.027531767791153,-91.3945584098224,3.5334716891167,47.74079419477888
0.6399917602539062,38.32013590033975,20.13871556297312,50.58302151755379,6.950672408654706,21.91851218930679
0.6439917087554932,33.70743297371401,21.237978422840794,190.84013488704772,7.082021577159207,13.307010788579603
0.6479916572570801,22.24304500208619,21.1190107885796,71.84917208082496,6.836,13.913978422840794
0.651991605758667,19.77372635155272,24.283146688919352,-84.4317919175061,7.200989211420397,28.767795672647075
0.6559915542602539,26.958121110978663,27.947267969960663,-15.430411372034825,6.228349743712004,4.84211741566337
0.6599915027618408,23.088938546820053,23.330858794778567,248.4933705668475,6.954628241044286,17.39228133754545
0.6639914512634277,18.07438273861559,19.0499837081777,369.9898770563459,9.759013430819358,20.520571246920447
0.6679913997650146,15.143285033081003,17.58114358943792,-8.462898313166818,9.278049293675865,-9.701038207069203
0.6719913482666016,6.853812242951662,15.629190737318948,-112.0839230494129,6.354285033081004,64.29374125290576
0.6759912967681885,26.812043333134646,20.010569231686237,-11.446886213268172,8.296809262681052,74.68499701972938
0.6799912452697754,50.24131290976278,22.45561693884849,151.98327536059125,9.762769281201575,0.6516728453927669
0.6839911937713623,42.497230792155925,23.435845323955412,354.04618275019374,5.867616498778089,0.0010762353221672738
0.6879911422729492,21.5303045836562,21.48830935208917,122.09565977230733,8.295614412588662,7.794771413244323
0.6919910907745361,27.331076354532993,21.971921559277583,-102.53164725517075,11.711461941944329,2.45284520474459
0.695991039276123,42.44661906181081,24.408616617988915,29.97902014662931,16.591231030577575,4.877614412588663
0.69999098777771,52.22388127309572,22.95231803552271,184.70842972940756,19.524366193825244,20.959506138991536
0.7039909362792969,44.45169422423556,25.38546885617214,395.03133182332954,21.96746885617214,50.22664212910532
0.7079908847808838,27.11063050604995,25.274315253024977,153.7508722059963,17.58715759670978,5.769283483340287
0.7119908332824707,27.308378732788935,24.647369493950052,-27.117816296119692,15.736729808666627,7.3338118257137745
0.7159907817840576,41.965031769684686,28.441135125469394,161.41813584073432,19.163887405376407,35.361994754723725
0.7199907302856445,49.5714548813923,27.72033508165455,359.5226421504351,20.2567766122303,5.876925974490405
0.7239906787872314,42.02830488168326,24.77682261429338,322.0632747809501,22.09817738570662,5.562702211360791
0.7279906272888184,27.854595338856768,26.604645228586758,74.09172974906122,19.786673839184598,33.102723490492934
0.7319905757904053,23.28922727543661,29.534397568099184,3.23501525898552,15.387602431900817,56.23931930619301
0.7359905242919922,33.79370717606389,31.133496781499584,155.49835469066636,13.425702229109548,12.116787757778042
0.7399904727935791,40.643393753352804,28.08796489241223,228.7324755319783,14.764641354234964,-26.832572986827202
0.743990421295166,39.09504833998927,24.29317076950587,329.0773198426417,16.964487691482386,9.714457352327592
0.7479903697967529,28.002827545100534,25.538014781848524,274.5754076134467,16.292882778351743,26.201204879599462
0.7519903182983398,30.254639268045537,29.537465875901532,50.63483536985159,10.022465697085295,12.520543064910296
0.7559902667999268,33.93668045538535,28.08660720033379,205.69146408773918,9.267570841032367,15.297310782619064
0.7599902153015137,32.23365752771487,24.90727249970199,490.92402336392894,12.687840028608893,35.387375014900464
0.7639901638031006,26.632033557847052,24.168792871192704,484.9475105203552,12.945538117661084,24.481638791202244
0.7679901123046875,19.05990969780056,23.92841425761459,134.70813292006912,7.3462406866543475,2.725357513262205
0.7719900608062744,20.969428324491865,24.40966901114621,-120.02520379090421,1.2294548489002803,-29.178632115396077
0.7759900093078613,34.8697257554986,25.87658574238541,79.48187250402336,-1.216876139953508,-14.83933766465995
0.7799899578094482,41.75655620455358,27.095832697580164,458.6736131839313,-0.9813889021337466,62.792931398259626
0.7839899063110352,30.808504082970735,27.832,555.0140510818383,0.0,94.76360928652322
0.7879898548126221,21.484,28.074763783751564,262.6335008642784,-1.4575776360493533,53.881694105024735
0.791989803314209,27.313531431296195,29.291699117857426,36.60113319558134,-2.2819794961455933,19.695658110148614
0.7959897518157959,32.46303397508494,27.594966024915063,158.28290147225368,-5.2380509626274065,23.911067950169873
0.7999897003173828,34.29801698754247,25.030469988674973,266.2488221970555,-4.157966024915062,17.361124575311436
0.8039896488189697,25.909133627369172,24.414,359.86165311717724,-2.687783049231136,9.173988794850398
0.8079895973205566,17.11037163974489,25.50892966561364,125.77797985337071,-4.630859331227276,5.134888061035942
0.8119895458221436,22.800760267032246,28.433586755677418,-21.275677653930977,-0.9920287298086672,14.978074447159802
0.8159894943237305,33.784215115932525,31.486859331227272,111.7697105561185,-0.24145484890028013,21.109586755677416
0.8199894428253174,43.189830601418606,34.05138451451391,264.6617931692197,-0.8534748167133576,50.43818173690171
0.8239893913269043,38.11214954106568,33.57313559423054,387.86775438073664,0.8480231255215164,52.395696507331024
0.8279893398284912,22.873084878106933,29.55377463193658,250.8407557370209,2.1943966740180008,45.42563062526077
0.8319892883300781,21.838779698396614,25.765616975621388,52.02144197413125,0.9814593193061929,10.738768015735829
0.835989236831665,37.54561145990622,23.44323563538107,181.9778841293809,0.0017452117936898603,-7.299552729873639
0.839989185333252,47.33680789175657,27.820214221851344,486.0000641950289,6.330973117959111,69.13037920963222
0.8439891338348389,40.54533581689218,28.318691065148716,494.121352566013,11.21690528700006,68.36162055194612
0.8479890823364258,32.73641804744308,30.26764548813923,108.96892394802722,7.33470902372154,49.36820991774944
0.8519890308380127,36.12362836025511,32.708304404839964,-85.89316004053171,5.863016808726233,30.3252130297431
0.8559889793395996,39.053969124396495,27.845388448471123,102.50754848900282,7.319983191273767,33.19496638254754
0.8599889278411865,42.95828759611373,25.88435483101866,383.0191930023246,4.403030875603504,67.77594558025868
0.8639888763427734,39.560574800333775,29.77405817141495,396.9360678269162,7.315795029204911,109.25873536774347
0.8679888248443604,28.839093222864637,29.298367109733565,9.87647976396255,7.810632890266437,104.01904661143232
0.8719887733459473,26.373841151576563,28.810367109733566,-166.98619043929187,5.864471240388627,64.56380032186922
0.8759887218475342,39.5140656255588,27.348104130655067,93.50480896465396,8.780791738689873,27.934592060559098
0.8799886703491211,48.735378911605174,30.871372116588187,392.4892081420993,14.763622459319306,49.15672879537462
0.883988618850708,38.84363243533198,32.8524557754202,399.49787751817854,15.636311062105138,77.79710567409703
0.8879885673522949,32.58878959289503,28.809,79.79513429099362,11.12650372533826,31.65672360970376
0.8919885158538818,37.793753293199025,28.809,-100.24388871669547,5.985963283066102,15.565943494069261
0.8959884643554688,52.70641336353341,28.446963283066104,53.1153368897896,5.486229778863921,-15.818775526017763
0.8999884128570557,57.7661831674316,26.981963283066104,254.59593097693272,7.082806938069977,-43.176581331584906
0.9039883613586426,48.126551794015974,25.275806174752653,339.8618536178329,5.86539551794016,15.21191941828585
0.9079883098602295,37.74698325087918,23.076050604994933,63.35364785122489,4.636134887047744,6.473726113131072
0.9119882583618164,33.295398700602014,22.938033677057877,-248.67253019014126,5.974084282052811,-45.66842212552899
0.9159882068634033,43.18744930559695,26.36151683852894,-51.23297270072122,7.088348274423318,1.9247464385766246
0.9199881553649902,48.196477787491055,28.475343002463642,294.9046028768974,3.757067392513709,34.73658356512755
0.9239881038665771,39.09707653334923,30.998794957382128,273.83171276151876,-0.23391530070930422,19.308609226917806
0.9279880523681641,29.562826200977472,32.4695457146263,45.394876922159966,-2.1955457146262964,15.382454285373704
0.931988000869751,26.60709024259403,30.045667103773024,-32.48861751207009,-1.2278475889610776,14.408909757405972
0.9359879493713379,33.41075603504798,25.6452884305895,115.33597091255886,2.669332896226978,23.378710258091438
0.9399878978729248,41.49224265363295,25.6247115694105,285.2535426476724,8.282863980449426,26.651181796507124
0.9439878463745117,37.14771288072957,26.615909757405973,279.2406110746856,10.744937831555106,12.254532395541515
0.9479877948760986,33.43117379902253,27.092080104899274,28.921420550721166,9.28343652401955,1.4828126117534866
0.9519877433776855,38.559510758776895,28.077498003218693,-155.0065176730047,5.146486320557907,-21.84659712701913
0.9559876918792725,49.26554026345592,28.074501996781308,-62.11954908505692,3.4090058413303925,-32.28944990165107
0.9599876403808594,56.8889970793348,29.533503844549085,6.527864755319783,7.794514752339513,-11.539450974548489
0.9639875888824463,41.27022641659382,29.468019152825242,-80.8587839148057,8.15403830565048,-21.358026543749503
0.9679875373840332,25.66763455921798,27.34952726947607,-36.68149138701793,5.7417689098170115,15.673203194850089
0.9719874858856201,19.667249254976756,23.937722255334368,88.56933102872809,5.7354730003576115,90.45250911908451
0.975987434387207,29.859409608392443,24.043143768254158,173.24885098646956,4.765603087560351,60.391080288490194
0.979987382888794,32.59760308756035,25.872609405734043,276.49318292900995,7.312218811468082,40.174568695237525
0.9839873313903809,20.192165405018773,23.814246826011804,301.65263742027776,7.571321869225725,66.41335363891041
0.9879872798919678,11.737432590296816,23.678634640600787,29.719531767791125,4.042511145547741,59.6387592084873
0.9919872283935547,13.17098599272814,26.113366096441556,-160.10144167610417,2.5648166537521604,29.403125469392617
0.9959871768951416,25.46425421708291,26.126126899922514,-23.798920724801803,7.546098885378791,32.30025421708291
0.9999871253967285,38.41314132443226,25.514563449961255,205.0755024140192,11.465112892650653,34.30932365738809
1.0039870738983154,32.38785867556774,25.755436550038745,152.69550086427847,7.101901114621208,15.823900697383323
1.0079870223999023,7.904202972264166,25.393094254152427,-220.72003782881666,2.4535741079233886,34.56113295716443
1.0119869709014893,12.192592740493504,26.850200858266778,-196.86023429491,1.4681994278221482,33.2078024198355
1.0159869194030762,29.72737408356679,27.34239691243965,39.749046849853954,3.8979976753889254,40.01658955713179
1.019986867904663,35.625789175657154,30.263397866126244,224.9793215115933,11.205989747869106,22.51862591643321
1.02398681640625,35.15760308756035,33.19339458782858,283.9879114263575,14.150394587828576,44.36196596530965
1.027986764907837,31.749205221434107,32.71659980926268,-37.515916314001345,10.266805030696787,52.706790129343744
1.0319867134094238,32.71173906305877,31.254889736559782,-252.7009142925259,5.873669209679343,3.096231016807728
1.0359866619110107,34.661481075281635,26.86967008404363,-15.932358884186698,11.212072122548728,45.75457698038982
1.0399866104125977,36.61448107528164,28.315109971985457,96.79313679442095,13.663848840674735,37.13833683018418
1.0439865589141846,34.67451892471836,31.726591047267092,166.27256315193418,14.644742206592358,-22.2621611134291
1.0479865074157715,29.314927877451275,28.818776718126006,33.16157471538415,11.24140895273291,-34.62725421708291
1.0519864559173584,33.55166313028966,26.969276552628443,-175.62203123137442,7.79301978781738,29.872969603051615
1.0559864044189453,40.84876420098945,30.012840615127857,29.22551445431245,13.04983638314359,33.383818084282055
1.0599863529205322,49.45657805328724,32.96874494844132,184.26318614770219,14.180243309292484,3.651272337128212
1.0639863014221191,41.19581808428205,29.43757805328724,184.9975339452822,9.645418668415092,-57.96579001013292
1.067986249923706,28.32,26.11325505155868,101.18558681528283,9.999501639148834,-73.8165264350003
1.071986198425293,29.885244725235427,27.958770711646203,4.146771665275956,11.605115568005722,-25.183313982596257
1.0759861469268799,34.78830565655361,26.97555218453836,191.03026053525662,10.488080467306432,-7.941346486260953
1.0799860954284668,32.387490731358405,28.18663265184479,456.55856952971334,13.898796149490373,30.973977945997497
1.0839860439300537,20.194305894975262,30.641447815461643,463.8604734457889,16.855673004708827,61.80479638791203
1.0879859924316406,8.909298486112766,30.273,176.2622980092979,13.083380140660388,55.15532137322684
1.0919859409332275,14.412063980289302,29.95224336353521,-33.89468009855349,8.942841917024321,47.85580988714036
1.0959858894348145,26.35669662653475,30.508916199785432,109.94867385862437,12.193264513052807,21.25938717367982
1.0999858379364014,22.499096739583955,32.46530434523455,278.02594289801516,15.614608690469094,28.978537223579902
1.1039857864379883,10.54475734636705,30.77881766704417,367.09745025928356,17.09,54.82240543601359
1.1079857349395752,-1.1846339631638556,30.016877987721283,223.04441014484112,16.604964952017642,62.5554108601061
1.111985683441162,-1.499924305638336,32.223006138991536,100.80908457503875,17.08251585409465,40.38652419835499
1.115985631942749,10.93191404899565,30.77608553376647,237.55957131787568,17.096542766883232,20.304000417237887
1.119985580444336,11.526062764499017,30.26293765273887,388.0670338558741,17.56743404661143,7.3768225546879655
1.1239855289459229,-2.8766738391845985,33.6774108601061,427.0847606246647,19.043,21.814028729808665
1.1279854774475098,-10.011759790188949,35.160023186505335,256.2838456815879,15.891891696966084,49.76223979257317
1.1319854259490967,-11.704798903325784,33.213652640362376,88.667881153892,12.937722136130647,30.458125163905116
1.1359853744506836,-9.47111022808551,31.41505825319876,236.0053445919097,16.738344512437415,-28.076249384089646
1.1399853229522705,-2.9513148357870893,30.15664212910532,462.76979388448467,15.639130237825594,-39.82016081540203
1.1439852714538574,-14.219597961494904,29.420796149490375,392.56237146092866,11.732876557191393,-11.848396375990937
1.1479852199554443,-24.74945073612684,31.483715741789354,97.565637599094,10.013592298980747,54.64779275198188
1.1519851684570312,-19.567191392978483,31.497845979614947,90.67271121177804,9.401049830124574,71.30313023782558
1.1559851169586182,-6.1578192275599,31.979110561449517,359.2675681249255,10.006110561449518,44.44088860412445
1.159985065460205,-0.2552051618286941,33.684445312034335,473.4720356440365,10.982349526136973,47.66948351910354
1.163985013961792,-13.358103594206353,31.62928413899982,489.84060648506886,10.13747571079454,52.486349526136976
1.167984962463379,-30.819579305000893,27.84636311617095,345.58059265661325,8.672729451034154,42.53113655599928
1.1719849109649658,-24.953136555999286,26.490825236931514,220.83471574178935,9.394270548965846,17.56374882279311
1.1759848594665527,-10.189285492907379,23.452283108832994,376.40053975444033,10.494306115150794,14.99097460960782
1.1799848079681396,-11.691681872367479,21.00345132321386,637.1657576094731,16.57219470714456,33.6040814591115
1.1839847564697266,-28.2566713953627,24.40096119687668,564.2481266615009,19.033688204088932,2.5602108243428496
1.1879847049713135,-32.698234189664426,23.927861596232937,190.3955298921142,12.233077606246649,-33.06702718006795
1.1919846534729004,-21.526843416582228,27.33096119687668,54.226959706741354,11.720861596232938,16.8981449603624
1.1959846019744873,-3.4869172080824953,27.830138403767062,300.32562520116824,10.259588603445192,66.21787196757465
1.1999845504760742,5.823059780665159,25.886566158064134,609.6406884014782,13.658758254857553,40.62725837406127
1.2039844989776611,0.022699827144305296,27.338324074625977,667.2605567145497,19.508300172855694,55.11924462061155
1.207984447479248,-13.132920545985575,24.91146116707397,314.8485321571198,17.5855666090481,71.71268188591525
1.211984395980835,-9.779242534422126,25.875214758300054,147.1309896286583,19.037324074625975,36.75720671156941
1.2159843444824219,4.825374895696747,29.769634879008226,441.7050957205864,18.55691965669329,45.37542651090713
1.2199842929840088,3.423763247302855,31.73031698158193,490.04767598497943,15.150446265720928,21.578123860046492
1.2239842414855957,1.3372188710734934,29.304462120760565,456.77412546939263,22.557932645884247,19.090577099600644
1.2279841899871826,2.320927042975502,26.87092424152113,351.68582547535317,25.661994397091256,49.19204774393515
1.2319841384887695,3.1544677236693093,23.8059270429755,219.22315211301185,21.589148715503367,30.091476128032426
1.2359840869903564,10.56025414232924,24.879527714864704,429.7039339611396,26.82428298962928,50.27372416259387
1.2399840354919434,20.531489598855575,30.137799070155573,553.4263038087859,31.874200929844434,65.2570151397747
1.2439839839935303,15.39249079096382,33.79588680932229,472.37678327472133,31.098642009894498,19.680254097872087
1.2479839324951172,13.184,37.349333730702746,288.09881683256845,38.54293187101389,-6.379068128986112
1.251983880996704,9.340382249508256,35.803936520236036,163.9165989747869,41.7913129284139,-2.16959814031114
1.255983829498291,-2.200926570509,27.487858207176064,339.2923687567052,30.448286863750152,-4.201323578495648
1.259983777999878,-0.5043898790010134,24.278349406926147,516.1535572509985,21.82890039935626,10.654601597425048
1.2639837265014648,-1.5617085750615916,26.69498346976079,467.04631836604943,24.91824501311293,23.332668918381945
1.2679836750030518,-10.492022530845801,27.820036895750135,216.07086088096798,17.37985176133993,22.651170113846337
1.2719836235046387,-6.387370209214997,30.75003689575013,156.47412523097097,12.929533468438933,30.75003689575013
1.2759835720062256,1.6830813017822017,30.28945216665673,313.43347237289146,16.823570364189067,37.069629790785
1.2799835205078125,5.851468232208845,29.046475146024555,430.0033067111694,20.74195720586482,34.24375825485755
1.2839834690093994,3.930771353638911,31.479840674733268,327.4496224593193,24.151797520414853,8.208205281039518
1.2879834175109863,3.1557975204148536,32.47656887405377,42.34646414734459,24.91463360553138,-16.06495315014603
1.2919833660125732,10.697500447040591,27.37990910174644,17.89408136138759,24.40640954878703,-6.234981224295167
1.2959833145141602,19.50268134946653,23.191474280264647,268.36260898849616,28.054250223520295,21.62938886570901
1.299983263015747,22.46507199904637,27.55337131958517,352.2908856240315,27.372520681845273,32.96510799856956
1.303983211517334,18.09933164451332,32.22239446861775,321.0634643857662,24.167949335399655,39.005051975919415
1.307983160018921,9.318465230867043,30.778121672097274,162.29997440991815,24.736592704442504,33.95545942938886
1.3119831085205078,13.026743994754725,30.513629909995828,64.18739792573166,22.717601835846693,3.797653930976928
1.3159830570220947,25.33334404243905,34.403657984144964,224.52272903379625,23.793456100613938,-5.486826190618109
1.3199830055236816,32.449912201227875,33.82379811646898,408.702808964654,25.5065719735352,41.48031644513321
1.3239829540252686,24.58777053284063,29.561559065442843,362.5721325545357,22.96614554774109,60.52985445225891
1.3279829025268555,12.01704255826429,26.499689396197176,-3.325993324193803,20.880515348393633,-15.670548608213629
1.3319828510284424,13.158192883113786,25.150428324491866,-168.65289986290753,19.415515348393633,-17.595661858496754
1.3359827995300293,22.65930553734279,24.17417404780354,7.31390308159979,18.314428324491864,-2.358924837575252
1.3399827480316162,23.57005221122899,23.926,143.14939361068065,20.250839074979137,-26.579723149362263
1.3439826965332031,18.944040233653215,28.294843655003874,241.99532955832387,18.44732145198784,39.72295911068725
1.34798264503479,14.30155367467366,32.33367854801216,139.7809343744412,17.578,75.26008463968529
1.351982593536377,16.582170547564175,34.65950083445919,-105.75557474370183,21.461339426209967,-24.301459985694976
1.3559825420379639,26.32451057996066,32.72349788400787,115.72592918877032,23.42949776479704,-40.94588484234369
1.3599824905395508,28.311502115992134,29.797749001609347,289.2847638433569,19.548000119210823,-55.60026369434345
1.3639824390411377,12.278066992490167,30.270847657646918,229.27319716295148,15.15637990225295,-42.052300870187146
1.3679823875427246,-0.43200488764379763,28.815457411933004,-96.70201102700125,12.705771174822674,-15.741299576801573
1.3719823360443115,8.262233474399476,30.266542588066997,-207.5234162245932,13.667690647910831,-4.930380818978362
1.3759822845458984,18.995619181021638,29.30130494128867,13.665908803719361,13.672,47.132553317041186
1.3799822330474854,21.96007635453299,26.37992364546701,150.27811223699112,12.69930935208917,23.5435284019789
1.3839821815490723,9.820566992490166,31.228172308976042,160.6013446179521,12.695,-20.311555250923828
1.3879821300506592,1.016290397568099,30.764181558085475,-31.85060231269,17.556171007927517,28.101719020087028
1.391982078552246,1.9486368838290518,26.872465875901533,-204.30746742564224,15.147912260833284,58.45866293139417
1.395982027053833,7.760186684150922,26.855,75.11666185849674,12.797791559873636,64.51148804911486
1.39998197555542,15.762830780234845,26.975056684746974,113.81821457948381,16.113,62.84732955832389
1.4039819240570068,10.546592859697222,27.94326564548814,-18.88709929669806,15.753342412683276,19.268019132196926
1.4079818725585938,3.999148894319604,30.024809620313526,-114.10298944984204,14.408435834773798,9.144097693270549
1.4119818210601807,10.22712135661918,30.522190379686474,-148.18901138463372,13.192626214460272,35.56460952494486
1.4159817695617676,16.925332300172855,29.904782082613103,72.15065744769626,11.958564165226202,42.356085712582704
1.4199817180633545,24.285591702926624,29.55406204923407,249.22317255766825,13.533965488466352,19.344947666448114
1.4239816665649414,21.196422577184407,28.422465371319586,147.04437012754798,15.993225056621766,14.559697580164501
1.4279816150665283,7.581991238004411,32.81651314299339,-212.15520128747693,16.46376175716755,24.264429456994694
1.4319815635681152,9.205304404839959,35.65374262383025,-387.5825397270072,19.043,13.58181915717947
1.4359815120697021,24.83031002145752,34.499334975760945,-32.837195819756815,18.723337836763886,28.479994675355638
1.439981460571289,27.393621803659773,34.914254276688325,117.5709441497288,17.824254276688322,16.95652422960005
1.443981409072876,19.070069797937652,33.45877600286106,75.92574572331168,16.36877600286106,18.18644549085057
1.447981357574463,17.322647276195017,30.77562140898796,-34.60484247228514,15.620462629634044,20.85414662057456
1.4519813060760498,14.685057221195684,30.264361864457292,-108.76404881683257,14.662204863801632,-1.1176877868510449
1.4559812545776367,15.337588007391071,32.70129045717351,80.8567120462538,11.49099290695595,5.448716159027239
1.4599812030792236,23.647730821958636,33.212638135542704,279.11376759849793,13.393730821958634,36.739844787506705
1.4639811515808105,18.153867087853143,28.841187626653948,222.17091071641434,16.84829777089045,57.548029204911195
1.4679811000823975,8.547312451570603,27.083803361745247,-49.18911402515347,13.699768373368302,59.37921481790546
1.4719810485839844,15.313900995410382,31.22686600703344,-235.43585080765334,13.885919175061096,18.88768731000775
1.4759809970855713,26.08829427191989,34.17487035822853,-105.41028086070216,19.750048816832567,10.241166239494547
1.4799809455871582,31.236115813315852,34.668,81.19130833879717,25.362736365261966,35.90519663825475
1.4839808940887451,31.425365016291824,33.37836501629182,82.2179957879679,30.57702630533259,-6.123569498529761
1.487980842590332,25.667798784122063,33.07865860054834,-55.507920967934204,29.555303194659675,34.274669388484924
1.491980791091919,27.20035107587769,33.203,-45.978818799547,28.444603624009062,70.09389580973952
1.4959807395935059,37.05284484711212,33.93104756511892,178.9558040770102,33.41409739524349,39.900714609286524
1.4999806880950928,41.49434994337486,37.45435107587769,309.30942242355604,35.52039637599094,0.9061630804076977
1.5039806365966797,40.53665005662514,37.11865005662514,244.08278822197053,36.008651189127974,8.436642129105321
1.5079805850982666,33.85357253546311,32.25521039456431,-21.28791619978543,37.95189271665276,26.53085492907379
1.5119805335998535,35.376456398641,34.03608916969661,-74.76369470107886,36.75514436430828,53.682859569648926
1.5159804821014404,45.716768432973716,36.97560076294928,127.76510508434166,35.04138856768195,43.69583036299696
1.5199804306030273,44.46229939798534,35.77839923705072,267.3413916671634,33.94001066936878,35.77839923705072
1.5239803791046143,29.143163736067237,35.52036722894439,207.7076170352268,30.416910830303394,83.90967646182273
1.5279803276062012,10.83109671779385,35.645,-87.60808654533895,23.961001351029164,54.98710482396885
1.531980276107788,21.917440755751578,33.70066634879009,-86.9260755155561,25.869338598164266,12.417151567528904
1.535980224609375,37.52069923109018,35.148752279907015,203.14785706622166,25.39341425761459,24.839194671276154
1.539980173110962,31.76699088037194,36.12816653752161,392.133562257853,24.418833462478396,40.936280026226385
1.5439801216125488,15.704715026524408,34.18966197770757,259.45330178220183,18.583985933122726,46.846014066877274
1.5479800701141357,8.337233653215712,30.292328902664362,-59.45275096858791,13.210571675508135,56.59268516421291
1.5519800186157227,17.531554178090357,30.273,-77.55388115389201,12.21189140541185,39.150010251519845
1.5559799671173096,28.266216367646184,34.160438218990286,288.19809971985455,18.036664838767358,76.95730893485128
1.5599799156188965,33.664108183823096,32.23677838707754,306.55787619955896,23.896659831912736,57.714788877630085
1.5639798641204834,26.403670203254457,29.797226738987902,199.75684633724742,22.953891696966085,31.382015735828812
1.5679798126220703,14.221842591488855,29.299472285135298,25.785117475265224,25.864156156872095,58.455470973894386
1.5719797611236572,24.704014662057457,25.63008451543688,-31.652461795208026,27.682699725831448,66.81255668136845
1.5759797096252441,37.56797830362997,28.400069619121417,283.10510770697977,31.857765214281457,33.630599749657264
1.579979658126831,40.91582750193717,34.548479704357156,305.521760088216,30.43297097216427,13.164575549859928
1.583979606628418,33.531860761757166,32.74477677773142,204.0203286046373,23.94534779758002,26.765333134648625
1.5879795551300049,20.756973655978065,29.27684008821075,132.32337447848374,20.637215579926092,13.47268655382048
1.5919795036315918,22.052329975561783,33.18341938368004,99.500327114502,20.965873934553255,57.07704291589677
1.5959794521331787,27.961281516361687,35.29607182452167,329.7007214043035,24.793054240925073,94.48852035524826
1.5999794006347656,25.539862132681648,32.595508791798295,455.85140513798655,21.514370924479945,58.34773559039161
1.6039793491363525,20.88629909995828,32.465982416403406,284.298463193658,17.687700900041722,1.774514573523276
1.6079792976379395,19.162484086303493,33.56169710334963,73.30917260698533,19.77021301704613,-3.747337465728932
1.6119792461395264,23.037110943336245,35.30544504490185,15.398259397599933,20.508,20.741828975601997
1.6159791946411133,35.346520534064496,36.138090302199444,219.69201555701258,21.95771866245455,62.08028026464803
1.6199791431427002,34.487165285807954,35.40305036657328,395.1841079454015,22.713140668772724,61.94881003755141
1.623979091644287,20.34753692555284,33.464826488645166,360.0803889849198,20.039876855218452,29.696348095607078
1.627979040145874,15.105942540382667,31.979949633426713,122.38510752816353,17.583090302199437,9.816429099362221
1.631978988647461,22.41440201454285,34.15951317201097,58.427581416140185,17.572880915484564,7.78176975801645
1.6359789371490479,27.338346247839304,35.166802229242414,228.6013017822018,17.583148477081718,-4.7181537819634
1.6399788856506348,28.315346247839305,33.93807951361984,282.31992042677473,18.297623532216726,-30.411898193956013
1.6439788341522217,24.460862669130357,34.89911825713775,236.23081599809262,20.255772009298443,-31.34787381534243
1.6479787826538086,21.95239554151517,36.615851522918284,112.25595374620015,20.513148477081717,-29.7030768909817
1.6519787311553955,27.549149362260103,35.90144844439146,20.773250685421385,19.536682560495887,-58.61266205745619
1.6559786796569824,33.50430994198522,33.05806127314631,244.55606031947863,18.39862878486847,-49.162032027338476
1.6599786281585693,36.84982571377481,33.31716820647315,366.93750581152767,19.52104690945938,-17.93170930440484
1.6639785766601562,21.235796447517437,32.60083179352685,197.7920357036419,22.201081063360554,-32.32919747273052
1.6679785251617432,12.352261429337783,33.31716820647315,19.889070513202597,20.04039548190976,-1.612041366156042
1.67197847366333,27.22881415032485,34.7819128568874,68.93717380938189,17.952087143112593,14.866127972819932
1.675978422164917,34.53258332339969,31.884201096674218,314.4836856001907,21.577278996304685,30.292532661819045
1.679978370666504,25.703419681707096,29.30781415032485,316.56032091553914,23.31310490552542,32.2476283006497
1.6839783191680908,13.371779996423674,26.627348930082853,184.73890612147585,22.710534779758,14.525745842522504
1.6879782676696777,11.344825534958574,26.969825534958574,75.9627051916314,21.00681415032485,21.150696608452044
1.6919782161712646,20.080256407199904,29.524776493026582,51.27,19.05390082250566,48.6580759327691
1.6959781646728516,32.037492400309944,27.72819234666508,241.40167795195805,18.918331227275434,57.36766245455087
1.6999781131744385,34.18713597711198,25.401703965667963,420.5480401335135,24.374730191528254,36.290079233887
1.7039780616760254,24.467553793884484,26.846971866245454,266.96447571079455,19.07245294152709,17.1944260594862
1.7079780101776123,12.273939500506646,25.8843520891697,-166.07394939500506,14.186776896942241,3.0076491625439576
1.7119779586791992,10.750033617452466,27.335966382547536,-240.32671508612984,14.64532395541515,36.43624873338499
1.7159779071807861,28.708855107879366,29.771469603051614,136.56902378114194,20.96081320777208,25.9385426153296
1.719977855682373,33.17864272515945,28.328120939381296,194.02743756333075,20.996,-10.53899868868093
1.72397780418396,25.919599153603148,29.29158419264469,109.84596459438518,19.539120939381295,-10.256705132025987
1.7279777526855469,18.109309828932467,35.123521785778145,32.654654765452705,16.618236335459258,-23.85021195684568
1.7319777011871338,17.580705132025987,39.52663718185612,-62.4601943732491,9.80389402157716,-11.786667103773022
1.7359776496887207,33.60072571224222,38.094207772082484,226.88282703540352,15.106908570747407,28.581938848492065
1.7399775981903076,38.54664099660249,34.20188496155451,423.7052106455266,20.963172557668237,39.0045533766466
1.7439775466918945,21.506443166239492,33.45248298265483,217.95459420635393,24.544224473982236,30.35890361804852
1.7479774951934814,18.793517017345174,32.11821869225726,-46.25648721463909,22.005920367169338,54.38315348393634
1.7519774436950684,22.27565637479883,30.869781307742745,-146.73139101150386,17.339482982654825,42.69160159742505
1.7559773921966553,34.22224555966146,34.146749910597215,-18.737796876862557,17.55649994039814,-22.134496960305164
1.7599773406982422,40.62729760982297,37.500446563747985,69.02241938368005,20.508,-20.438122250700367
1.763977289199829,24.122851046074985,33.344905406210884,53.06466263336711,19.553675984979435,18.327134827442332
1.767977237701416,14.875865172557669,31.597094593789116,-22.686309530905405,16.72122942123145,14.562284556237707
1.771977186203003,21.026769803898194,33.70283799248972,-123.54839363414197,18.521486022530844,10.95878285748346
1.7759771347045898,36.18526802956252,31.511177494337822,104.45834753844319,23.66482250566218,20.612536059125045
1.7799770832061768,39.804408893127494,28.939154735649996,333.80284562198244,25.879,32.26367276628718
1.7839770317077637,17.054102121910514,28.78623507907494,190.1998655328618,24.606903679567672,18.54504235873798
1.7879769802093506,6.100687310007749,33.17541336353341,-103.41878679144065,19.55958663646659,45.03399338379925
1.7919769287109375,8.278532991595636,33.95566007033439,-142.49461822733502,16.365926566132206,32.99024098468141
1.7959768772125244,14.83913941705907,32.95057918579007,68.76779251356021,18.038413363533408,18.200966144125886
1.7999768257141113,13.98092490165693,34.41503027774467,151.25886875670523,20.749178686375014,12.870519728215521
1.8039767742156982,2.5096052929606003,35.156,-36.27794915658342,17.376563628777493,2.8675725695893197
1.8079767227172852,-1.2460416641831076,37.81028628479466,-277.81244203373666,13.430836025511116,-4.48810347499553
1.811976671218872,5.078764320200274,42.940122310305775,-237.09949710913753,12.942341837038803,-6.719196697860166
1.815976619720459,12.172771844081534,47.099035522708306,68.49860048873528,14.866828883061151,40.588194778877096
1.819976568222046,10.07020259879597,50.51693246706801,124.73331000774871,17.331134887047742,60.50654044227216
1.8239765167236328,-3.8027972223877926,52.00486511295226,-54.03470298623116,13.717865291768492,40.07340483995947
1.8279764652252197,-20.415774854963047,48.54095557498212,-259.7029996026385,5.905283159818804,27.78003234522769
1.8319764137268066,-23.323873040472076,44.33161846575669,-208.0870665792454,4.632999344340466,28.762762412827087
1.8359763622283936,-9.142709483221077,45.27338218990285,95.57544853072662,6.699382189902844,75.45199654288609
1.8399763107299805,-5.848167958040291,48.44122994397426,191.84841590177615,9.141017999761592,71.20111646203361
1.8439762592315674,-18.700046432616084,50.04294110985278,6.0174292185730565,9.402157417893545,17.223405436013586
1.8479762077331543,-27.672257078142696,50.656098527746316,-364.4993012457531,5.280684031710079,1.3400985277463193
1.8519761562347412,-30.023197055492638,49.69096036240091,-433.7594122310306,7.176118912797282,2.5550396375990942
1.8559761047363281,-17.194012457531144,49.316,-119.47801472253678,7.574058890147225,-13.782204983012456
1.859976053237915,-8.698922219573252,51.859026224818216,62.118094290141855,5.870948444391465,-29.340028012874004
1.863976001739502,-25.48788794182512,50.1910259283543,4.949599630446443,7.1870911962806225,0.3436629313941708
1.8679759502410889,-35.37092638731597,45.32000417237885,-238.62354234964533,4.179817607438755,18.257969899266854
1.8719758987426758,-30.323953508702218,42.97683406182945,-315.89056473019156,6.320564730191528,40.851388381149164
1.8759758472442627,-20.081724563390353,43.45406216844489,30.616178220182405,15.569151099719857,68.68044727901294
1.8799757957458496,-13.710215890802885,43.457,-10.480382487929909,15.625,44.0949197115098
1.8839757442474365,-24.833728453927762,43.457,-267.95772082488975,16.110033257837642,10.943853975444036
1.8879756927490234,-21.01974751147404,41.51587375573702,-381.153213446981,17.08406008225547,-11.096415688144482
1.8919756412506104,-13.231495022948081,37.62174751147404,-302.24485438397807,18.546093163259222,52.83114174167014
1.8959755897521973,-16.09519240627049,36.62693991774454,-63.954629313941695,28.260631221314895,77.48856893365918
1.8999755382537842,-9.804588186207308,37.592060082255465,-87.73662901591464,30.26112624426298,39.78255343625201
1.903975486755371,-12.677018893789487,37.598,-188.82951174156634,24.934972523542736,28.388947013946837
1.907975435256958,-18.033025511116406,34.685988317339216,-237.01121946712763,21.99098217798176,20.07095666686535
1.911975383758545,-9.330958812660189,30.785980330213985,-295.0532726351553,18.5759843237766,37.97508636824223
1.9159753322601318,10.122990165106993,36.609230732550515,-6.1446030875603626,23.926,28.141156941050248
1.9199752807617188,8.610609048101567,37.2525352566013,129.16108344757703,23.568765989151814,45.15757692078441
1.9239752292633057,-2.7264268089164383,35.144202348313264,-11.183710275360596,22.342010370723564,74.2669467755394
1.9279751777648926,-13.171114323180545,36.02591804255827,-311.1045601716636,22.09196763426119,49.90853388567682
1.9319751262664795,-11.434167371997377,33.3467389879001,-396.6794015020564,23.056081957441734,11.840759492161888
1.9359750747680664,0.558668713119151,31.357081957441736,-72.40276497585981,24.545097097216427,82.12139315729868
1.9399750232696533,3.9792405531052566,33.67908594588151,45.5471618786506,24.866257837644532,75.2530131124091
1.9439749717712402,-7.977108303033916,35.27518227335042,-263.21614186088095,29.772997913810574,-48.745823985217854
1.9479749202728271,-18.053997913810573,34.57382189902843,-467.36544596769386,30.17882189902843,-21.809756511891283
1.951974868774414,-15.722772962985038,31.36893854682005,-353.129393634142,27.093120820170473,44.49476670441676
1.955974817276001,-2.7952790272590002,32.531557816101085,-55.21976380831282,27.355930302789478,47.42297687355956
1.959974765777588,-10.131175537938844,33.93857501341122,60.06321136079156,25.885137450080467,84.75835095666686
1.9639747142791748,-23.87664536893551,32.968249254976755,-69.88230456550245,24.66775557277387,96.49411020383836
1.9679746627807617,-24.939692793705667,32.227,-336.64235518865115,20.069096739583955,53.471337843476185
1.9719746112823486,-14.259687131191512,33.43200458961674,-390.74042528461587,17.800302616677595,11.990893008285152
1.9759745597839355,-0.08059390832687541,33.944799785420514,-170.1676095845503,21.94150283125708,16.51521046671038
1.9799745082855225,4.178399356261549,33.68529802706086,-77.08564516898134,22.485795195803778,5.841773618644574
1.9839744567871094,-3.590381809512456,33.697730718798425,-168.08554344975565,19.302573608296576,0.8083471212301809
1.9879744052886963,-11.446338677951958,30.792788221970557,-382.8632491506229,16.378901114621208,34.646059724623
1.9919743537902832,-7.88759045121297,30.24846557787447,-494.40021922870596,16.33509888537879,43.85430780234845
1.9959743022918701,8.169593312272756,34.63671818561125,-274.0719000417238,21.440197770757585,17.759462716814685
1.999974250793457,21.768551855678297,37.109,-146.0659854565684,26.509104982913456,26.875678137169192
2.003974199295044,8.914443941109852,34.20458621922871,-351.50918739941585,22.986635751326222,8.201302318650534
2.007974147796631,-6.622430087018715,31.02444772916915,-358.74041763023007,20.031879663845512,-18.052966563356776
2.0119740962982178,0.6377938844847115,32.45150748047923,-198.38104738630267,19.894580258687487,16.134253799845023
2.0159740447998047,14.923213625797223,33.929416999463555,27.7521914525839,19.293583000536447,28.695746259760387
2.0199739933013916,15.650075520057221,31.27507552005722,107.38282654825058,19.043,18.15462311497884
2.0239739418029785,9.202474816713357,29.91016325922394,-65.21186219228709,17.22807277820826,1.215605412171426
2.0279738903045654,4.419992132554536,29.785,-344.0413423530814,13.69724865895816,8.56159005840982
2.0319738388061523,4.144358764975859,29.785,-351.4241166477916,12.695,43.18868587947786
2.0359737873077393,15.64798491983072,31.60052518328664,-144.07520522143412,15.236140489956487,65.32753603147165
2.039973735809326,21.34652518328664,33.678974071645705,-117.59394093103654,17.92852518328664,41.74700572211957
2.043973684310913,5.516133910832078,40.47151482158468,-204.90864881188907,18.555,35.13039481840578
2.0479736328125,-5.785369434344638,40.527,-364.1871215354354,13.219215473564999,27.880020504261786
2.051973581314087,12.572250327810233,33.251454166169985,-421.0155026224818,14.638314459411134,0.18413112409107057
2.055973529815674,29.671929129164926,26.41222834833403,-116.77479841449599,18.043385825832985,23.2829294867974
2.0599734783172607,26.874385468200515,31.21769309173273,-9.974804077010191,19.521307265899743,8.885920724801812
2.0639734268188477,12.78868540263456,33.67484985396674,-147.03151820945342,18.561457411933002,5.3936141741670145
2.0679733753204346,0.08474430802240995,26.415890690189535,-364.2692696388127,16.129301347002027,35.44290868995113
2.0719733238220215,17.945394885855634,29.277439887941824,-419.0754357751684,17.083477737378555,53.10565267926327
2.0759732723236084,32.617206115515295,36.08736418906837,-155.58226101209993,30.18499284735054,13.451292602968351
2.0799732208251953,27.864597961494905,35.648257793407645,17.889073553078617,34.63865983191274,9.30308237467962
2.0839731693267822,24.43681790546582,34.189780056029086,-202.61232723371282,30.302340168087262,33.04327466173929
2.087973117828369,25.272635832637977,35.88245571581834,-524.4515651448326,30.141426868518298,61.68323435451186
2.091973066329956,39.40542743041068,35.55216087500745,-396.70645770996003,30.299866722298386,80.68515700065566
2.095973014831543,38.66629027835727,31.870639208440124,-92.0873530428563,27.937772486141743,59.068725695893185
2.09997296333313,26.063372653036897,31.59342743041068,-138.5679197115098,30.379015735828812,28.452090361804856
2.103972911834717,16.311062764499017,33.82363920844013,-350.70504679024856,30.682850986469568,18.541615485486084
2.1079728603363037,11.493851054952914,32.23996167600429,-408.94109738943854,25.997698772201694,32.38458380021457
2.1119728088378906,26.986441735709604,31.35562698933063,-445.83974739226323,27.079546939262087,20.839229898074745
2.1159727573394775,39.66967675984979,34.152900458961675,-191.2774971091375,28.584453060737914,2.5460990045896166
2.1199727058410645,38.13919908207665,36.99032324015021,21.237222268581984,26.01072653036896,26.85318722059963
2.1239726543426514,30.920582881325622,36.26472653036896,-103.01201138463374,24.545969720450618,52.299199082076655
2.1279726028442383,26.855,35.156,-421.5212136215529,24.229486926806008,41.953895017086545
2.131972551345825,32.87483061151508,34.19288627965192,-507.55297747049707,28.527686017403745,32.955655143640485
2.135972499847412,44.600181021636764,32.72171919890326,-208.96330225904512,30.768226083328365,49.0946356321154
2.139972448348999,44.75481897836323,31.745226083328365,-124.6655058115277,29.79171919890326,65.18886648387674
2.143972396850586,29.912733623413004,30.527585682779996,-307.14942766883235,26.166702330571617,37.49221463908923
2.147972345352173,16.414647612803243,28.340171365559993,-421.030675925374,23.190133516123264,12.407297669428385
2.1519722938537598,18.948474311598524,27.096119144117296,-353.84885004172133,22.233883537966385,14.662002682083681
2.1559722423553467,29.249530607379153,27.82522262621446,-147.3078030637182,17.86608070572808,1.634531561065744
2.1599721908569336,26.936877093640103,29.042326995291173,-45.48785712582703,14.648,-17.00183858854384
2.1639721393585205,17.38485807951362,30.989042677475112,-199.90013333730698,14.16677737378554,-18.382204088931275
2.1679720878601074,11.986835141256407,32.70819394445107,-467.0406898319227,14.39428394325903,3.908245559661461
2.1719720363616943,20.52536981402003,32.239956366237486,-408.02897782546495,17.70467811158798,30.79298354792561
2.1759719848632812,38.576814995827874,34.277562999165575,-172.46219561330312,20.494072714268682,9.523462152819167
2.179971933364868,37.527403767062054,34.06753215711987,-109.14925409787209,23.535510639566073,3.0275106395660725
2.183971881866455,23.310021755975445,27.524253859450436,-176.19802276926745,23.325532157119866,13.33889265065268
2.187971830368042,15.415021517553793,27.204617750491746,-405.41909006377784,17.144828813256243,-6.979488645168981
2.191971778869629,21.052971152699964,29.28295631183693,-360.35261902491357,14.773703719156037,23.67849588747169
2.195971727371216,32.86939297848245,29.422454133635334,-73.63891279728202,18.638976217440543,55.9725288788222
2.1999716758728027,36.858091732729335,29.659545866364667,4.101079275198187,22.55930690826727,46.53906681766704
2.2039716243743896,32.03038618346546,26.883147225368063,-165.03938958097396,24.525637599093997,13.446169875424687
2.2079715728759766,27.73369309173273,26.967380520951302,-389.8862242355606,21.637601359003398,1.0041472253680634
2.2119715213775635,33.7474181666468,31.696519728215524,-370.12923614256766,19.419684348551673,35.910702109905834
2.2159714698791504,51.125643328300086,37.07174974171502,-23.586000476833817,23.396086306922037,37.70044297862195
2.2199714183807373,52.72352852118973,34.200950110270014,46.87754252846159,22.95249764558622,39.051528521189724
2.223971366882324,32.85818888955117,28.847416880252727,-225.57272235799007,18.100926387315965,52.15169946951183
2.227971315383911,16.231748286344402,30.262528521189722,-547.0144419145258,19.03601186147702,12.493384931751805
2.231971263885498,27.263668593908328,29.78849049293676,-485.80951207009593,22.436552244143765,-2.3362279907015555
2.235971212387085,41.401880557873405,29.785,-2.0458390153772825,26.33883061151508,18.888061151507927
2.239971160888672,33.262868927698634,33.66282893246707,175.49374220659234,27.821434046611433,13.7107370209215
2.243971109390259,20.59955957560946,32.23755874113369,-29.749793288430595,21.52978339393217,-2.810262144602728
2.2479710578918457,22.446914466233533,35.62034851284497,-293.9892911724385,16.151737020921498,6.7655651189127965
2.2519710063934326,30.216657864934135,34.675046373010666,-314.3191766108362,11.265217440543601,45.13179448053883
2.2559709548950195,32.21279163189891,32.72920109667422,26.79744701394685,7.352402193348432,-13.72684110144236
2.2599709033966064,44.434,35.497593848721465,-7.123635274482922,9.64731322644096,-6.143892769863502
2.2639708518981934,38.508398998629076,37.730425105799604,-231.6539456398641,8.566092924837575,15.497636406985755
2.2679708003997803,20.49401895452107,36.14698104547893,-289.91119020087024,7.7700568635632115,-6.551330333194254
2.271970748901367,25.52826351552721,35.971612803242536,-253.25433611491925,12.799463014841749,16.056095428264886
2.275970697402954,36.38412599833115,39.20945559661462,75.64101752294671,14.055572297055669,62.902944212659435
2.279970645904541,33.27524462061155,35.79160988257734,167.37803206771173,12.325414972879537,57.677610657447694
2.283970594406128,23.983147165762652,32.84751242772844,-92.33207015557012,12.102682481969364,12.487122310305777
2.287970542907715,20.198682779996425,32.44897514454313,-151.22039011742265,9.661439828336412,12.935950587113311
2.2919704914093018,27.092058469424245,34.54959208487305,-88.64703760877339,8.167466384551197,34.76468905709858
2.2959704399108887,27.713614114561604,32.99541336353341,156.9156346188234,9.987800500685461,57.88028193359957
2.2999703884124756,27.10698563509567,30.48158663646659,258.2497465577875,13.03618638612386,37.41592352625619
2.3039703369140625,23.52417793848844,34.18,84.60636112214894,13.887737820869427,26.451763887785106
2.3079702854156494,19.021256839721048,33.21799296656136,-176.5327282589259,8.08911474041843,29.740294987184836
2.3119702339172363,25.31803516719318,32.94813584073434,-172.69022250700363,7.783506646003457,-9.141039220361211
2.3159701824188232,32.197391941828585,32.96990714030278,31.951857551555605,12.892213374657288,-20.004676600309928
2.31997013092041,29.85124593193062,32.46734952613697,119.11930607379149,15.632300947726053,0.4149456398640998
2.323970079421997,21.302595458067593,33.436541097931695,42.19871037730226,11.770136555999285,4.409109375931335
2.327970027923584,17.81154109793169,32.2557262323419,-105.89544310663408,8.060157954342255,12.315857662275736
2.331969976425171,21.200322346069022,30.032650473863026,-101.7258300053645,9.255082195863384,12.586142337724267
2.335969924926758,25.368503695315294,30.266162891882228,96.31273328167839,10.501664799141734,-4.758321730838003
2.3399698734283447,23.007903141205222,28.83795911068725,159.12811092567205,10.254,7.014735888418668
2.3439698219299316,15.436223579901053,27.33613333730703,64.22756029087441,11.456094653394528,40.09523681230256
2.3479697704315186,11.397922514503696,30.076259397599937,-62.95258380354447,10.771818087896369,35.421423190018274
2.3519697189331055,24.281440901233836,31.25,10.079300768909832,7.952949275794242,36.88002139834297
2.3559696674346924,40.409703343863626,34.513045836561965,275.53008642784766,11.311672170233058,51.765390177028074
2.3599696159362793,35.73380545953034,37.81949183454524,337.3289364644177,10.520508165454762,39.351228036714744
2.363969564437866,22.927390773082195,34.58664797043572,77.07332633963162,5.053337426238302,24.2664172378852
2.367969512939453,22.068473326578054,28.490337426238305,-205.88939321690404,8.492946653156107,26.070946653156106
2.37196946144104,26.936352029564286,28.667905167789236,-84.21657990105501,14.241352029564284,39.43177200929844
2.375969409942627,31.94506795016988,31.10916278238064,290.65149222149375,16.350310544197413,35.48229594087143
2.379969358444214,37.91538169030874,32.10100482775062,282.3211984145905,20.589114375968528,37.78964417689832
2.383969306945801,28.676669309173274,33.31376497585981,-8.637207963283032,20.885492698337007,1.4919560708112272
2.3879692554473877,9.679124754127674,32.966490016093466,-100.7775391905585,12.533936222208975,-40.71573052393157
2.3919692039489746,12.609909004212032,28.36505722005881,-41.646729317332905,8.316019073352937,-21.301353651752365
2.3959691524505615,28.685097872086786,26.382016808726235,272.95811551528885,16.052932765095072,14.859169815819275
2.3999691009521484,25.901529057638434,30.728206413542352,463.8715250044704,22.8964373249091,32.095593312272754
2.4039690494537354,5.045682083681008,29.308351174156634,292.85086136607464,20.04269460007152,75.34728465848134
2.4079689979553223,-1.9000298623114977,27.84335185074805,-13.245148417476287,8.876025689932646,73.7451409667998
2.411968946456909,2.892163080407701,30.739296298503906,-133.84281170650294,7.335351850748047,71.30791458544437
2.415968894958496,10.197248494963343,32.21564814925195,231.51463581093165,11.199733563807595,119.25442766883234
2.419968843460083,21.396317916318992,30.773438490880917,260.53613058767434,9.292248718560018,19.34416998450351
2.42396879196167,15.186559337187816,27.854878345353757,-9.106358586159615,9.277,-27.46979597067414
2.427968740463257,5.447255945639865,28.801371282112417,-6.870309709721643,5.401499254932348,10.440802288847827
2.4319686889648438,16.998494426893963,30.74675037253383,59.051481432914116,-1.4116223997138935,40.77961125350181
2.4359686374664307,20.820508195744175,30.03663545329916,397.56629981522326,7.663760267032247,50.41879305000894
2.4399685859680176,11.558691977589701,30.361061389915367,440.430520383836,10.726943080224103,28.850132792943143
2.4439685344696045,1.8810401144423912,34.1640969780056,250.01770393991777,12.325153185909281,47.73393663944686
2.4479684829711914,-1.6295886034451927,34.93559665017584,18.578407283781367,11.867443464266556,69.98849877808905
2.4519684314727783,7.642887703403469,32.24214513917864,-37.72238797162784,10.341105024736246,16.811934195624964
2.4559683799743652,23.453145139178638,30.880153185909283,231.31372903379628,14.381403349824165,-31.93873451749419
2.459968328475952,19.253943974251996,30.185958397902013,305.73660698533797,16.365465609727025,-38.7494206699249
2.463968276977539,10.623875901531859,26.146013351612325,181.67587327889373,14.679523097097217,-0.9168709542826488
2.467968225479126,11.199476902902783,24.28061435298325,89.60561781009716,13.255339452822316,28.20187590153186
2.471968173980713,17.58753531620671,25.27263384395303,102.26822936162604,19.720705608869284,27.004647195565358
2.4759681224823,31.471849797345627,25.37480974330446,374.55092569339587,24.744504331240563,19.528729635222128
2.4799680709838867,35.68335560588901,25.886766346784288,353.3034474578292,23.212923824283244,6.154005126065446
2.4839680194854736,22.63258517105734,25.391,163.85932655858863,19.570498807962807,9.176109488616046
2.4879679679870605,6.674205579066578,26.591930678905644,76.29938123621625,14.44755891994993,13.462734398283365
2.4919679164886475,6.509794420933421,28.79284293973893,199.75231745842524,11.238332538594504,40.0572561244561
2.4959678649902344,13.16001841807236,29.064244799427787,447.65268975382963,10.021244799427787,53.24859831912738
2.4999678134918213,11.525383441616498,27.359157060261072,483.21485039041545,8.076069321094355,21.479284198605235
2.503967761993408,1.5750083442603415,24.445428656574084,263.7444534509477,6.5959265705089996,18.117993443795445
2.507967710494995,-8.253179591106873,20.539546939262085,-36.01559593491088,6.588058651725577,14.180215711986648
2.511967658996582,-3.3036371818561125,20.236394409012338,-30.31648703582283,7.076058651725576,-14.93142874172975
2.515967607498169,7.525120939381296,23.894453060737916,361.85036687131196,6.123214817905466,-13.90072742445014
2.519967555999756,2.88775641738854,26.199071842962727,455.2687288404991,1.0395143447508541,7.2134440117619025
2.5239675045013428,-9.308633188293497,28.902843476187638,209.82491714847708,3.3705841926446927,31.390799189366394
2.5279674530029297,-17.278384670401717,31.233861068065323,162.3605410060794,3.4341389319346765,31.329694659673383
2.5319674015045166,-7.451610001788163,31.738,245.70689896882635,8.001279489777671,-1.9806992310901848
2.5359673500061035,8.535412290635989,32.46278643380819,516.8564481134887,16.648132800858317,18.456721523514336
2.5399672985076904,1.103610001788164,32.352977707575846,595.4046536329498,16.145337962687012,56.10222846754486
2.5439672470092773,-17.780189176302304,31.140256049588746,358.91252878769814,14.050256049588748,26.673669328883065
2.5479671955108643,-25.846429218573046,28.226563986409968,94.06936240090599,14.033993204983013,-4.202058890147223
2.551967144012451,-23.957570781426956,25.532550396375992,80.98172027180068,15.97144960362401,23.068661381653456
2.555967092514038,-14.618705549263874,27.80017100792752,347.46549716874296,14.42855719139298,42.2743080407701
2.559967041015625,-20.774022650056622,29.894979614949037,527.1676625141563,10.049842582106455,48.18142242355606
2.563966989517212,-45.65702916633553,29.307703965667965,293.96127950409283,10.237933084320114,50.2822850671541
2.567966938018799,-46.38294880200262,30.74986297532483,76.01508910478006,12.190820061985935,25.597304565502444
2.5719668865203857,-31.859369195922987,33.18277594325565,144.4334029325863,10.75413774810753,-24.001357990105504
2.5759668350219727,-23.021818203492877,31.750137748107527,537.7351128330453,13.647724503784945,-3.591955057519222
2.5799667835235596,-32.15013035703642,33.190862251892476,525.0355069440305,13.672,82.77590427370805
2.5839667320251465,-44.81681999165524,34.17190540621088,195.621927400608,3.502955951600404,83.496
2.5879666805267334,-65.742803909882,29.821673024198354,86.34535713434259,-3.844886637263082,10.865150315889863
2.5919666290283203,-55.74956714549681,27.84829731179591,156.62802998152233,-6.327622101686833,35.43311825713776
2.5959665775299072,-44.04279221553317,25.41136955355546,504.4025253621029,-1.0218196936281814,51.13961316087501
2.599966526031494,-43.46107224175955,26.842783274721345,424.0408261310127,1.9285498599272817,30.44821487751088
2.603966474533081,-45.87763044644454,26.855,104.73207885796029,4.858549859927281,-14.758064552661377
2.607966423034668,-49.09361270711646,23.656964000476815,89.88088592204076,11.921859458815115,-27.883483371081176
2.611966371536255,-29.881132145198787,26.46869857543065,231.0389315133814,16.450722954044227,27.12997645586219
2.615966320037842,-9.782192823508375,29.027831555105205,504.6363388567682,19.514807176491626,56.05965106991715
2.6199662685394287,-10.660035882458127,31.25,528.0134185492043,21.113891398939025,86.0720842224474
2.6239662170410156,-19.953470286702032,30.542168444894795,259.71139417059067,20.304602849138703,67.5029265661322
2.6279661655426025,-23.755873465252115,28.791779055906545,52.833084098223864,16.012095005364166,19.300389915365358
2.6319661140441895,-13.905785420516183,30.155137688502116,121.66118620730762,15.928900756988735,49.827126840317106
2.6359660625457764,-2.373065387137152,29.195446921380462,403.1068481254098,23.488866901114623,81.03793228825178
2.6399660110473633,-0.8608353698515829,27.69782845562377,464.6089005185671,29.785,65.06623401084818
2.64396595954895,-15.003542734533317,28.21924055310526,206.63381928716177,28.01620467278579,10.489710573369889
2.647965908050537,-22.610497297726912,24.794830790017485,-83.05929303767287,21.045951120648546,23.1782284215546
2.651965856552124,-7.432700321850041,21.724332220765287,59.632672308976055,18.306332220765288,46.179958874716895
2.655965805053711,0.22311265422900417,25.332529117243844,394.87592197651543,19.75462120760565,49.46443702688204
2.659965753555298,4.104559814031115,30.488764558621924,338.3582194075222,20.03620474459081,43.17782213745008
2.6639657020568848,-0.6030275377004228,30.787061393574536,58.732758121237396,18.08320474459081,17.563709483221075
2.6679656505584717,-14.539543032542614,29.536811658123735,-7.587081177732745,15.889958874716891,21.66238246513291
2.6719655990600586,-8.759480479227514,30.26508511652858,117.9551875186267,16.8076459438517,25.642834535375812
2.6759655475616455,9.424767598497944,28.36255719139298,311.8111024020981,20.24247571079454,-4.613844310663406
2.6799654960632324,5.539228765571915,24.67952428920546,377.04486857006617,20.04472742445014,-9.231159325266734
2.6839654445648193,-13.032601001370924,24.15739059426596,242.2406213864219,18.555,12.758653215711988
2.6879653930664062,-21.25316092502086,26.821734652521158,53.49161616402432,20.234460722374536,40.23211586601502
2.691965341567993,-8.033117301120559,28.809,34.91170841611699,22.61236803623937,65.93337010251926
2.69596529006958,10.479768492579126,28.084737676581035,259.51269446265724,24.759285152291827,37.73502169637003
2.699965238571167,13.92447898909221,29.27978333432676,239.77059408714314,25.752760505453896,37.58824748167133
2.703965187072754,2.0889920128747708,30.146760505453894,33.32031352446805,20.811387673600763,41.86576050545389
2.707965135574341,-9.554418489598858,27.739193836800382,-37.00744131847172,20.490783334326757,9.053261190916132
2.7119650840759277,0.8230146620574565,25.045564012397186,67.4589915961378,24.25387429967815,-13.661578674454642
2.7159650325775146,11.524140370745663,25.49993550694403,357.9762880133516,25.752731418012758,16.806498539667405
2.7199649810791016,10.414193479167908,24.431333075043213,412.99043696727665,28.050871013888063,32.066065267926334
2.7239649295806885,6.743397568099184,22.84006449305597,141.49410877987725,28.084795911068724,-12.039371103296176
2.7279648780822754,-3.1894742206592372,23.908666924956787,-83.13671496691902,24.212462061155154,-6.11551361983668
2.7319648265838623,-0.5569362260102517,25.499870783168436,-78.1288419358684,23.67316092502086,11.598805697937776
2.735964775085449,20.766278312008264,27.32676881506795,214.98841595803864,27.303797822458876,-9.473093379957085
2.739964723587036,27.771695535554628,32.66761918102164,285.0505740597246,25.408228586755676,-28.156324015020566
2.743964672088623,21.539999523156705,37.554924122310304,5.423998927102616,20.067380818978364,-3.1539804494248074
2.74796462059021,16.645067056088692,33.72546599511236,-140.32699636406986,15.663770936401026,31.9168589735948
2.751964569091797,26.764552124932944,32.239914823866,-8.992241997973451,16.10869505871133,35.61484776777732
2.755964517593384,35.082281499582784,34.16265603766838,376.9236721301704,21.436301883418764,58.39019734175706
2.7599644660949707,28.380711927042977,30.792355963521487,266.1604169398581,22.452323061333967,30.524524646837932
2.7639644145965576,12.8337688502116,26.88969887345771,-152.99124104428677,20.041679024855455,0.26886076175716767
2.7679643630981445,12.695,32.17929015914645,-164.48161113429097,20.987331942540383,-1.9356550038743519
2.7719643115997314,23.825591727261887,35.129813922994394,-85.67255680057217,17.12492072952676,-47.441650137084274
2.7759642601013184,29.732615783513143,30.31665798414496,305.07529880193124,19.02553859450438,22.800609524944868
2.7799642086029053,31.755999463551287,28.538259760386243,429.150808964654,22.461,132.7268085474161
2.783964157104492,27.683702270966204,30.644129343744414,89.73749490373727,23.402518984323777,85.33314043035108
2.787964105606079,20.001759492161888,30.037740776062467,-258.80041652262025,26.602500268224357,47.57644686177505
2.791964054107666,27.250881869114316,29.297,-198.82350053641676,28.285462868041485,53.01481499582787
2.795964002609253,47.17497180664004,28.826356917208084,192.26276926744947,32.30912767479287,20.236457948381712
2.79996395111084,48.85101382845563,27.344,281.91130148417477,36.233243607319544,0.8771425761459142
2.8039638996124268,35.4442718006795,27.579201049055253,102.03551427549621,35.732543601359005,36.84512821124158
2.8079638481140137,32.56168564105621,28.32,-56.277897955534364,26.908070751624248,46.96215741789354
2.8119637966156006,35.27383448563595,28.55542800095363,-64.88082918107044,23.6376580641316,3.023544164977946
2.8159637451171875,35.997714311259465,29.414571437086487,217.5419232282291,26.75566096441557,3.214744888835906
2.8199636936187744,35.69752833187634,29.00088476515934,297.38032877692126,23.176689501708655,53.19256274338393
2.8239636421203613,27.681207069201886,27.344,19.016261250521538,20.489747571079455,26.793469213804613
2.8279635906219482,23.419747571079455,29.021930976932705,-136.32819568456816,22.203183405853252,3.178552184538356
2.831963539123535,29.927412171425168,31.48118340585325,-97.81595177922155,22.22981659414675,-26.562562198247605
2.835963487625122,38.28152139706759,32.9456496602694,143.44817403742996,21.244450113243534,-13.24763321015616
2.839963436126709,37.66054550873219,33.931025928354295,175.16565637479883,21.475561006139355,34.11573737855397
2.843963384628296,27.948161173034514,34.65907015557013,-129.7728882398522,21.732974071645707,36.170454789294865
2.847963333129883,21.244464922214938,34.43690391607558,-191.70462001549743,22.20309608392442,29.13617130595458
2.8519632816314697,29.62417130595458,32.73236883829052,114.78657912618465,23.66809608392442,31.13555593967932
2.8559632301330566,39.5325740255096,33.89515967338181,402.9116117534867,28.00877530098939,17.455011801168197
2.8599631786346436,31.89987643798057,36.85200876199559,444.5286147702211,30.539979257316563,24.40169410502474
2.8639631271362305,14.641710005563061,35.04135706906143,156.53894007788284,24.184368513073196,14.29079996821108
2.8679630756378174,18.211416463014842,33.691,-79.70423234189666,25.824947726053527,6.528945163020802
2.8719630241394043,35.10259855754903,31.521266913035703,49.631918340585344,40.003862907552005,26.024808070572803
2.875962972640991,46.91117953150146,35.825945163020805,332.548604339274,44.795498718483636,31.503261786970256
2.879962921142578,34.12581070449398,41.21425318869949,329.988924424842,27.560725473834783,47.88757944927882
2.883962869644165,12.533237289145859,36.332053406449305,27.606247064433433,14.612373427907254,51.90291112833045
2.887962818145752,9.006299219169101,29.4779319306193,-173.24593175180308,12.93067997854205,15.101556118495566
2.891962766647339,17.722776181677297,30.0022992191691,-18.633198426417096,14.992088871669548,11.482925791261849
2.895962715148926,23.401066038860414,34.378702884730004,335.4949508284659,9.8381272499702,32.73077375134104
2.8999626636505127,18.989429218573047,38.17582446206116,251.95584937712343,0.5794858437146093,18.086597961494903
2.9039626121520996,9.856745186862966,42.317186862967155,-117.00847338618348,-5.208186862967158,-3.3623284258210635
2.9079625606536865,5.395367877294763,42.010279027258996,-151.3048515457363,-13.580617340856712,-16.015528490820948
2.9119625091552734,11.65959510043512,43.92672372891459,10.201966561363747,-20.927461643917265,-46.58712767479287
2.9159624576568604,16.071880729570246,39.592119270429755,336.7733899386064,-18.57784299934434,-37.200390713476786
2.9199624061584473,5.472158421742758,37.616391584217425,388.2121821432829,-21.456417332220767,0.6183405650256191
2.923962354660034,-1.4006209095785893,45.8198334624784,138.12400751028193,-32.125826131012694,44.50814114561602
2.927962303161621,-0.013796864755319715,47.83359790188949,-229.4381626035644,-34.64501150384455,21.704731000774874
2.931962251663208,5.8038219586338435,48.33540418429994,-178.25362853907137,-38.05381045478929,1.6535320379090415
2.935962200164795,18.918837634857244,52.69261882338917,372.21255331704117,-32.765582225666094,36.77331710079275
2.939962148666382,23.39634992251758,51.76724925497676,332.94570264632256,-29.32939134580999,54.03704327095005
2.9439620971679688,16.666786553019016,49.82350908982536,-68.91311271383444,-23.976902366334862,44.52654544912678
2.9479620456695557,7.411930023246111,44.48490236633486,-72.27062490314121,-20.05701817965071,58.459801990820765
2.9519619941711426,18.851479406330096,42.734023842164866,117.31117345174943,-17.985968051499075,51.77040901233832
2.9559619426727295,24.883711807832153,40.817600226500566,348.35450748047924,-13.473840734338678,45.243646778327474
2.9599618911743164,26.01467701752295,36.28699320538801,346.11995684825365,-8.121986410776016,64.46540839194182
2.9639618396759033,22.90627966859391,34.63043124515706,114.98383310484593,-3.04733873755737,74.67214066877273
2.9679617881774902,19.067315729868273,38.41985205936699,-89.64933343267569,-4.35719079692436,41.53050604994934
2.971961736679077,30.846921559277583,40.428825415747745,-47.375966501758356,-6.149891279728199,33.7563266376587
2.975961685180664,44.27885205936699,38.80891792334744,202.0419644155689,-1.0322138046134588,58.950156404601536
2.979961633682251,47.4618991536536,39.903235665752774,142.73132828704257,4.239803075455955,-12.153416616998452
2.983961582183838,47.08591470465519,41.016,-101.34666132204804,5.897042021815581,-36.63025779340764
2.987961530685425,38.04353400488765,40.78114031114025,-69.54190057817249,2.1083516719318114,26.081001251713655
2.9919614791870117,38.31105602797425,39.413040451402686,112.34847532384964,-0.488,40.00109957879679
2.9959614276885986,54.16139977349943,37.606904869762175,372.83390713476786,1.6667021517553793,40.55520498301245
2.9999613761901855,54.954997734994336,37.827397508493775,324.22116874292186,7.018892412231031,21.583118912797282
3.0039613246917725,51.7957143878889,38.8132881153892,62.421668792466335,10.254,-1.8492806055548936
3.0079612731933594,48.84741652262025,38.104416522620255,-102.72760880967992,9.296416522620254,0.8157047147881027
3.0119612216949463,48.091273290814804,36.391180127555586,-17.866758061631998,9.976893663944686,8.080143231805447
3.015961170196533,49.77662037312988,34.44765291768493,186.7644530011325,15.789097514454312,8.511893663944686
3.01996111869812,50.79099165573966,32.24547359637621,196.65713827631424,22.174311836929313,0.438496364286566
3.023961067199707,46.702375931334565,31.010755796626334,6.277559277582398,22.977554270727783,-2.58426160815402
3.027961015701294,42.011532931990224,30.043777135363893,-77.21198426417119,19.090577457233117,39.35377546641235
3.031960964202881,43.88840120402932,29.775488406747332,74.9418516421291,16.362265542111224,57.24138940215771
3.0359609127044678,53.89661249304617,29.95401406659779,359.19932647222447,18.985834379718668,23.254177620599222
3.0399608612060547,56.171312034332715,31.230687965667283,325.8705831793527,20.508,23.811127794003696
3.0439608097076416,37.23165180593635,30.653613601144354,80.5903918822267,19.423613601144353,36.97495279532721
3.0479607582092285,31.12320784407224,26.65944119926089,-82.64913733086964,16.87427257554986,32.937194194432855
3.0519607067108154,48.95954687965667,24.30663628777493,47.52958466948799,14.667428443702688,38.58596167371997
3.0559606552124023,53.730428443702685,22.480428443702685,319.896225308458,17.051143112594623,6.446854264767239
3.0599606037139893,41.295739345532574,24.50293526852238,235.03919473088158,18.066,-34.049495797818444
3.063960552215576,30.242759327691026,28.643157110501846,-14.63543926570506,15.175029204911194,-18.285968887829302
3.067960500717163,29.27745514692734,30.1461787566311,-146.48490582344877,18.13518668415092,8.069201883531024
3.07196044921875,36.6510969780056,32.080374023961376,-61.25230053048816,24.22928431781606,30.42266561363772
3.075960397720337,53.15611283304524,33.07617875663111,336.5040154378018,23.34926846277642,20.59343202002742
3.079960346221924,45.577477549074146,26.9387453707383,328.93877628546454,19.569653739171898,-5.582012318207106
3.0839602947235107,18.82071675508136,24.921323955415154,-67.34666573284852,16.630980985873517,34.26700566251416
3.0879602432250977,16.62143920610323,33.12037590892836,-22.94701001311241,12.250745678865183,34.668
3.0919601917266846,36.42172879537462,36.103834475770405,120.14818102163677,10.756582762114801,33.2175827621148
3.0959601402282715,54.50815920605591,37.099284794659354,445.9576672825893,11.225142397329678,40.93822858675568
3.0999600887298584,48.886331048459205,36.62585760267032,483.0577786851046,9.780572808010968,34.24804625379984
3.1039600372314453,33.84167526971449,36.621,156.1224882875365,13.149976873100076,23.060794540144247
3.1079599857330322,29.340997615925616,36.13788639885565,-58.41041208725713,17.050888782930027,24.39933079032066
3.111959934234619,46.21586570900638,34.19955677415509,69.00161602193478,16.122783393932167,86.77125648208857
3.115959882736206,62.821762412827084,33.21278339393217,292.6728207665256,21.430216367646185,42.44672253680634
3.119959831237793,66.37177314180128,33.68611330988854,203.07701186147702,21.00088669011146,-24.716246229957683
3.12395977973938,59.96056058890147,42.42199237050724,-94.08054521070514,15.878878702986231,-33.88711879358645
3.127959728240967,70.07771808320419,45.820388604124446,-102.62265371319585,28.514866611038265,-16.113843843127906
3.1319596767425537,73.81020599630446,39.08284913870179,101.75810711092568,37.63830142456935,1.4812617273648438
3.1359596252441406,53.556812183346246,26.44580914347023,466.04342528461586,23.516569231686237,39.19494182511772
3.1399595737457275,36.19211694581868,19.570904571735113,482.72337664659955,19.33511390594266,71.32930142456935
3.1439595222473145,32.08944981523423,16.836139945166288,176.35520020264633,24.55079008225057,55.4506717725593
3.1479594707489014,35.66244423913692,18.866246051141445,-26.81373815342433,23.78914358943792,41.60284347618764
3.1519594192504883,46.50192340704536,21.660753948858556,41.864604756511895,26.658917208082492,35.23391047267092
3.155959367752075,56.38633557847052,17.695047863145973,323.0512504023365,32.92952703105442,32.952584490671754
3.159959316253662,52.912878404959166,19.120150324849494,316.57565709006377,35.39033557847053,4.947839601835847
3.163959264755249,37.67714662057456,21.758275002980092,-21.944661342233864,36.250040886875674,-28.16376588389558
3.167959213256836,35.95314996423746,20.78013462608281,-199.60894238257967,34.43541405070333,-16.24364746085989
3.171959161758423,51.61824032902187,24.872558800739107,98.73441950289086,29.545988496155452,26.12740907194373
3.1759591102600098,57.39796292543363,26.845512785360913,412.9526023722954,29.53601150384455,44.54322882517732
3.1799590587615967,52.80387983548906,26.86548721463909,305.6818759611373,28.82846420694999,55.57465595756095
3.1839590072631836,47.88144119926089,23.97541562853907,-69.9981068128986,26.39695142158908,52.645235381772665
3.1879589557647705,49.017439086899515,20.76700822505662,-141.78012027655262,24.42400548337108,35.5957196924544
3.1919589042663574,59.40984478750671,21.932838767360074,98.96792489718067,24.882419383680038,12.727131608750074
3.1959588527679443,67.383,24.403964832806817,372.2306954163438,29.704677534720155,20.065695595160037
3.1999588012695312,59.9701376288967,24.424035167193182,387.0854602729928,36.0822933182333,29.318586159623294
3.203958749771118,44.83313762889671,24.643436967276628,124.91409268641596,36.42217881623651,16.35247213446981
3.207958698272705,40.217544999403984,25.391,-108.42085826677794,33.223637620693765,34.05647037787579
3.211958646774292,52.06437185090996,25.07174902646428,-43.97995231661767,32.864196217118334,47.78301502026544
3.215958595275879,58.44646992906956,24.541053942898017,371.2635118316743,36.45373344459677,48.66073344459677
3.219958543777466,55.47032049830125,24.414,253.91213029743105,32.54179662633367,46.55426655540323
3.2239584922790527,40.83659945163021,28.025679501698754,-165.6975118316743,23.538640996602492,-7.679395779936819
3.2279584407806396,32.16037444119926,33.630571615902724,-162.1099665613638,23.524101686833166,-20.949850569231685
3.2319583892822266,45.92970604362856,33.35063768029563,59.62019322922872,28.025464238884254,-16.875973536774346
3.2359583377838135,60.29810132920069,27.659204088931276,349.345023722954,27.490935983787328,-5.640491208201704
3.2399582862854004,53.003751624247485,24.795509507063244,367.0857811885319,22.160860642546343,48.604219526733026
3.2439582347869873,43.17745317994874,27.302814925195207,76.89911849555943,20.147083030339154,58.822306133396914
3.247958183288574,39.21004362856121,27.236574085111457,-111.10391012039577,20.02,40.62462081296936
3.251958131790161,38.934887882219705,26.494112117780297,11.228271800679494,21.464291053227633,61.51634541336354
3.255958080291748,45.80238401017246,30.218366287848685,278.2381242946833,25.343192005086227,61.652772550266235
3.259958028793335,42.99972682839602,33.17226268105144,198.62991917506108,27.32351195088514,62.4897507301663
3.263957977294922,33.30545073612684,31.27048804911486,11.254227871490741,19.13008207665256,83.27574035882458
3.267957925796509,26.9215940275377,26.41822536806342,-164.17707957322526,18.56011938964058,17.303755021755975
3.2719578742980957,38.93322189772321,26.367,-43.30039480271783,26.284587078316846,9.838116581237335
3.2759578227996826,50.17451117601478,27.81654401859689,367.21872897419087,25.88414847708172,58.07885688740538
3.2799577713012695,41.59672533826071,23.48435739405138,211.66612707873878,32.160027597305834,17.045022232818738
3.2839577198028564,22.661906657924536,22.954159027239676,-233.55197609822972,39.95658216606068,-22.04887917982953
3.2879576683044434,17.62951642129105,25.84808803719378,-235.86575293556655,48.25242313882101,-30.19058216606068
3.2919576168060303,39.800708308499225,27.328457623077842,-15.546186673024181,50.75510311121707,22.38436082965789
3.295957565307617,46.31964922214937,27.344,348.17594307683135,49.33154330333195,91.06653901174226
3.299957513809204,34.784815163616855,24.902,181.3416944030518,49.27500005960542,17.55422650056625
3.303957462310791,33.753499910591884,25.252684866185852,-173.202224295166,50.96031507420874,-20.790575549859927
3.307957410812378,25.790390713476782,26.600869702568993,-304.3321039518388,44.06976044584848,-10.329054598557548
3.311957359313965,17.803736321373226,28.045088568363333,-74.23433841935868,34.45491143163667,-6.075158421742759
3.3159573078155518,29.000578708946772,30.273,307.2456544078202,31.759377063837395,20.052559873636525
3.3199572563171387,26.989131847171727,30.390025391905585,239.36213524468022,29.688830303391548,29.638924658759016
3.3239572048187256,5.04969172080825,30.17759098766168,-154.86883119747273,27.364616379567266,33.612176074387556
3.3279571533203125,-5.083251594444776,27.151660606783096,-239.44997371401325,24.827207367228947,3.835609644155687
3.3319571018218994,3.5261714149481467,24.60626975801645,-31.117255870783183,21.484,-18.984964060078674
3.3359570503234863,13.417513977469154,29.254773678249986,264.84823877928113,20.783218811468082,9.355223222268583
3.3399569988250732,8.864250655646508,31.603670428355716,287.0693453866328,17.4646517523643,22.464227052372248
3.34395694732666,-9.369144960362402,29.556750849377124,-20.086005662514168,14.181511891279728,27.141467723669315
3.347956895828247,-17.318249150622876,27.136773499433748,-182.02281766704417,11.75052321630804,58.6121087202718
3.351956844329834,-14.244047565118912,25.868499433748585,-140.2322831257078,11.926226500566251,38.04168516421291
3.355956792831421,-8.103912981285017,29.711253665514366,94.8611175348671,14.86616664679938,2.982177494337823
3.359956741333008,-8.964324909101746,34.158371699350305,102.14304172378851,13.963535971866245,10.520136615604697
3.3639566898345947,-17.939719377719495,34.917279370566845,-153.7461286880849,10.046977230732551,16.6965827621148
3.3679566383361816,-24.8813716993503,34.668,-193.62713965548073,10.92839446861775,-3.557855993324196
3.3719565868377686,-13.936831803552272,35.62331475742043,47.492641137203464,17.493259029681727,11.029930802241033
3.3759565353393555,6.17753144185492,35.427053168027655,322.5342592239375,23.39499970197294,49.427712403886275
3.3799564838409424,8.42797913810574,30.597181260058413,301.0965083745604,25.868383083984025,16.973470584729093
3.3839564323425293,-2.0170955257092906,25.90025280139871,-57.33332496225063,27.32239934832711,-33.627187316220294
3.387956380844116,2.8231200453001133,25.75168427013173,-200.7675257793408,26.027839542230435,2.8010267628300696
3.391956329345703,13.671911962806224,29.1266366454074,-31.807550396376,27.917268105143947,32.0135009834893
3.39595627784729,23.097625223506974,30.99506460841578,164.4114256764811,30.252390153772797,12.569889259744905
3.399956226348877,17.090757465577873,29.445985039041545,9.342328187399431,22.461757465577875,20.145090838648148
3.403956174850464,2.251727543660964,30.973670143649045,-253.26936490433332,18.44829540442272,49.69554491267807
3.407956123352051,1.2943747392263216,32.0993942301961,-230.58473195446146,21.674768969422423,53.41426548250581
3.4119560718536377,11.101897717112713,29.339541395958754,-63.76736168564105,21.144985039041543,42.7364471001967
3.4159560203552246,26.42893539158422,28.681372690427942,218.4341341637859,23.394547502682084,43.52018756705209
3.4199559688568115,26.79289598855576,31.695486737795797,250.75278714907313,26.217869464147345,42.7567654527031
3.4239559173583984,18.17404416761042,34.51886946414734,-56.47840066758059,27.21636508314955,22.8677321332777
3.4279558658599854,20.917033537312246,35.6378105380275,-331.88858690296433,34.07949455614718,4.085471906540571
3.4319558143615723,29.68808368599869,34.19615455683376,-177.0482780592478,34.66261882338916,-12.511940752220303
3.435955762863159,37.02823824283245,31.764927937056683,154.04292036716936,30.32146367050128,-15.592690886332479
3.439955711364746,40.00651817856717,36.56686732626058,82.87002872809633,34.619277267850755,-26.247914769340802
3.443955659866333,33.76137777910235,42.415043571556296,-311.5060959647136,33.219241878762595,-8.01771198664839
3.44795560836792,21.13674447159802,37.65212481373309,-490.71635357930495,26.44278804315432,57.37420414853669
3.451955556869507,35.48259229898075,35.66665214281457,-252.20786362281697,36.98990767121655,52.79354616439173
3.4559555053710938,51.0967717708768,41.4390435715563,158.99427799964235,40.9726846277642,1.550809501102698
3.4599554538726807,47.89009548217904,40.53788920014305,63.62652509238289,33.772641137203486,-25.5796751698653
3.4639554023742676,39.15997520414854,41.01054950229481,-262.45020981105085,36.588341598617156,-4.150915717947189
3.4679553508758545,34.234415807355305,42.94723144781546,-387.3059313941706,30.343756154258806,69.00218978363236
3.4719552993774414,34.18,42.969,-388.672,30.273,69.824
